Comuna,muertes.men1,muertes.1,muertes.2,muertes.3,muertes.4,muertes.5,muertes.6,muertes.7,muertes.8,muertes.9,muertes.10,muertes.11,muertes.12,muertes.13,muertes.14,muertes.15,muertes.16,muertes.17,muertes.18,muertes.19,muertes.20,muertes.21,muertes.22,muertes.23,muertes.24,muertes.25,muertes.26,muertes.27,muertes.28,muertes.29,muertes.30,muertes.31,muertes.32,muertes.33,muertes.34,muertes.35,muertes.36,muertes.37,muertes.38,muertes.39,muertes.40,muertes.41,muertes.42,muertes.43,muertes.44,muertes.45,muertes.46,muertes.47,muertes.48,muertes.49,muertes.50,muertes.51,muertes.52,muertes.53,muertes.54,muertes.55,muertes.56,muertes.57,muertes.58,muertes.59,muertes.60,muertes.61,muertes.62,muertes.63,muertes.64,muertes.65,muertes.66,muertes.67,muertes.68,muertes.69,muertes.70,muertes.71,muertes.72,muertes.73,muertes.74,muertes.75,muertes.76,muertes.77,muertes.78,muertes.79,muertes.80,muertes.81,muertes.82,muertes.83,muertes.84,muertes.85,muertes.86,muertes.87,muertes.88,muertes.89,muertes.90,muertes.91,muertes.92,muertes.93,muertes.94,muertes.95,muertes.96,muertes.97,muertes.98,muertes.99,muertes.100,muertes.101,muertes.102,muertes.103,muertes.104,muertes.105,muertes.106,muertes.107,muertes.108,muertes.109,muertes.110,muertes.112,muertes.114,muertes.122,muertes.114,muertes.Total 
1101,32,7,,1,,2,,,,,,1,,,2,,1,1,1,5,3,4,6,2,2,2,4,3,1,2,4,6,4,9,2,3,7,3,5,1,2,3,3,4,4,6,5,10,10,18,3,4,13,7,13,13,11,6,11,24,14,8,19,19,20,14,10,16,19,23,20,15,20,24,28,28,31,27,26,24,31,38,28,31,25,32,20,16,15,12,13,4,12,14,8,8,8,4,3,,1,1,2,,,,,,,,,,,,1027,
1107,8,,,,,,,,,,1,,,,,1,2,,,1,1,,1,2,1,,,,1,,2,1,1,,1,,4,1,,,1,1,,,1,3,4,2,1,3,2,1,6,8,7,1,1,2,5,4,2,2,3,6,6,1,2,5,2,1,7,9,2,1,3,4,4,7,7,2,7,4,3,3,4,6,1,3,2,,,1,1,,1,,,,,,,1,,,,,,,,,,,,,195,
1401,3,,,,,,,,,,,,,,,,2,1,,1,,,2,,,1,,,,2,,,,,,,,,1,,,,,,,,,,,,1,1,,1,,,,1,2,1,,,,,,,,1,,,,1,1,,,,2,1,1,2,,1,1,,,2,1,,,,1,1,1,,1,2,,,,,,,,,,,,,,,,,,,40,
1402,,,,,,,,,,,,,,,,,,,,,,,,,,,,,,,,,,,,,,,,,,,,,,,,,,,,,,,1,,,,,,,,,,,,,,,,,,,,,,,,,,,1,,,,,,,,,,,,,,,,,,,,,,,,,,,,,,,,,2,
1403,,,,,,,,,,,,,,,,,,,,,,,,,,,,,,,,,,,,,,,,,,,,,,,,,,,,,,,,,,,,,,,,,,,,,,,,,,,,,,,,,,,,,,1,,1,,,,,,,,,,,,,,,,,,,,,,,,,,,2,
1404,,,,,,,,,,,,,,,,,,,,,,,,,,,,,,,,,,,,,,,,,,2,1,,,,,,,,,,,,,,1,,,1,1,,,,,1,,,,1,,,,,,,,,2,,,1,,1,,,,1,,1,,,,,,,,1,,,,,,,,,,,,,,,,,15,
1405,1,,,,,,,,,,,,,,,,,,,,,,1,1,1,,,,,,,,1,,,,,,,,,,,,1,1,,,,,,,,1,,,1,,,,,,,,,,,1,,1,,1,,,,,,1,,,,,2,1,,,,,,1,,1,,,,,,,,,,,,,,,,,,,,,,,18,
2101,45,,1,,1,1,,1,,,1,,2,2,1,3,1,4,1,3,2,3,7,3,5,8,2,1,3,4,4,2,4,10,4,4,7,4,10,8,8,2,6,12,8,14,19,16,8,19,23,25,19,20,29,26,18,33,26,28,29,26,31,30,28,30,46,23,39,48,36,39,47,41,34,36,33,27,35,45,62,51,63,43,40,36,44,38,27,27,24,23,14,14,16,17,6,6,3,2,4,2,,1,,,,,,,,,,,1787,
2102,,,,,,,,1,,,,,,,,,,,,1,,,,,1,,,1,,,,,,,,,,,,1,,,,,,,1,,2,,,,,4,,1,,,,,1,,1,1,2,3,,1,,,1,4,,,,1,1,,1,1,1,1,,1,,1,,,2,,,,1,,1,,,,,,,,,,,,,,,,,,,,39,
2103,,,,,,,,,,,,,,,,,,,,,,,,,,,,,,,,,,,,,,,,,,,,,,,,,,,1,,,,,,,,,,,,,1,,,,,,,,,,,1,,,,1,,,,1,1,,,,,,,,,,,,,,,,,,,,,,,,,,,,,,,6,
2104,3,,,,,,,,,,,,,,,,,,,,,,,,,,1,,,,,,,,,,,1,,1,1,,,2,,,1,,,,1,2,1,,1,3,3,,,1,3,,,,,,,,1,,1,,3,1,,1,1,2,2,3,2,4,3,2,3,1,2,1,,1,1,,,,,,1,,,,,,,,,,,,,,,,,,61,
2201,20,2,,,2,2,,,,1,,,,,,3,,1,3,,2,3,5,2,2,2,2,2,1,4,3,1,3,4,3,3,4,4,5,7,3,3,4,4,1,3,6,5,7,5,12,9,6,8,8,11,12,5,13,5,7,8,8,10,14,8,13,11,10,7,8,10,13,8,16,13,16,12,16,9,18,16,8,15,13,10,13,12,9,7,4,5,6,10,1,3,,1,3,,1,,,,,,,,,,,,,,598,
2203,,,,,,,,,,,,,,,,,,,1,,1,,,,,,,,,,1,,,1,,,,,,,1,1,1,,1,,,1,,,,1,,,,2,,1,,,,,,,,,,,1,,,,,,2,1,1,,,,,,,,,,,,,,,,,1,,1,,,,,,,,,,,,,,,,,,,20,
2301,3,,,,1,,,,,,,,,,,,1,,,1,,,1,,,1,1,1,,,,,,,,1,1,,1,,,,,,,,,1,,3,2,2,3,2,3,,2,5,4,2,3,,4,7,3,3,5,1,8,6,2,7,3,1,3,2,3,6,5,3,4,3,8,6,4,6,1,,3,1,1,,3,2,,,1,1,1,,,,,,,,,,,,,,,,162,
2302,,,,,,,,,,,,,,,,,,,,1,,,,,,,,,,,,,,,,,,,1,,,,,,,1,,,,,,,,,,,2,,,,,,,,,,,,,,,3,,,,,,,1,2,1,,,,,,,1,,,,,,,,,,,,,,,,,,,,,,,,,,,13,
3101,28,1,,2,2,1,2,,,1,,1,,,,,,1,1,2,1,3,3,2,3,1,3,1,1,4,5,2,2,4,3,2,4,,2,4,4,5,3,3,3,6,4,5,7,10,3,10,8,7,7,8,15,9,9,10,10,13,11,14,4,12,10,16,8,20,23,13,11,15,18,21,20,20,30,14,28,20,24,22,18,20,17,11,12,6,7,11,7,11,6,5,4,6,2,1,3,,,,,,,,,,,,,,772,
3102,3,1,,,,,,,,,,,,,,,,,,,,,,,,1,,,,,1,,1,,,,,,,,,2,,,,,,1,,,1,,1,1,,2,,1,,,4,,1,1,1,1,1,1,4,,1,2,1,3,2,1,3,1,1,2,,2,4,4,3,1,1,,,,2,,1,,1,,,,1,1,,,,,,,,,,,,,,,68,
3103,1,,,,,,,,,,,,,,,,,,,,,,,,,,,,,,,1,,,,,,,,1,1,1,,,,1,1,,,1,3,1,,,1,2,1,,1,2,1,2,1,1,2,1,4,2,,1,1,,3,1,2,2,2,2,1,1,1,3,3,3,1,,1,1,,1,,,,1,,,,1,,,,,,,,,,,,,,,,,65,
3201,4,,,,,,,,,,,,,,,,1,,,1,,,,,1,,,,,,,,,,,1,1,,1,,1,,,,1,1,,1,1,,1,1,,1,1,,,,2,,1,,,2,3,3,,2,1,2,3,1,2,1,2,1,,6,3,3,2,3,1,3,1,2,,4,2,1,,,1,,1,,,,1,,,,,,1,,,,,,,,,,80,
3202,2,,,,,,,,,,,,,,,,,,,,,,,,,,,1,,,1,,,,,,,,,,,,,2,,,,1,,,1,,,2,,2,1,1,1,,1,,,1,1,,,,3,,1,1,,3,3,3,2,1,,1,1,,1,1,2,1,,1,5,1,,2,2,,,,2,,1,,,1,,,,,,,,,,,,,57,
3301,5,,1,1,,,,,,,,,,,1,,,,,,,2,,,1,,1,1,,1,1,,,,,,2,1,2,2,3,,3,5,4,2,2,2,1,4,1,4,1,,1,3,2,2,2,4,4,4,3,6,6,6,4,4,5,5,4,9,5,9,11,5,9,10,11,8,5,11,9,11,8,8,9,5,8,7,2,2,3,4,3,3,3,1,,,,2,,,,,,,,,,,,,300,
3302,,,,,,,,,,,,1,,,,,,,,,,,,,,,,,,,,,,,,,,,,,,,,,,,,,,,,1,,,,,1,,,,1,1,,,,2,,2,1,2,1,2,1,2,,1,2,,,,,,,,1,1,1,,1,,,4,,1,,1,,1,,,,,,,,,,,,,,,,,32,
3303,1,,,,,,,,,,,,,,,,,,1,,,,,,,,,,,,,,,,,,1,,,,,,,,,1,,,,,1,,,,,1,,,,2,,,,,,1,,,,1,2,,1,,,,,,2,1,1,,1,2,1,1,,,1,2,,,,,,1,1,,,,,,,,,,,,,,,,,,27,
3304,3,,,,,,,,,,,,,,,,,,,,,,,,,,,,,,,,,,,,,,3,,,,,1,,,,,,1,1,,1,,,,,1,,,3,,2,,2,1,,2,,4,,,1,2,2,,1,2,3,3,4,1,2,3,1,,2,1,1,2,,,,,,,2,,,,1,,,,,,,,,,,,,,59,
4101,30,1,,,,,,1,,1,,,1,,,1,,1,1,2,2,2,1,4,1,1,1,2,2,2,3,3,3,2,2,,1,,4,6,2,4,4,4,3,4,7,7,5,6,5,7,8,10,11,9,8,9,10,11,21,10,15,12,17,12,14,15,18,9,17,22,27,18,18,18,24,26,27,30,35,24,31,43,28,21,29,29,23,23,16,17,25,14,8,14,12,6,3,2,1,,1,2,,,,,,1,,,,,993,
4102,27,,,,,,,,,,,2,,,,1,1,1,2,2,3,3,2,1,1,1,3,2,2,3,3,2,4,2,1,4,1,3,4,3,4,4,4,9,6,6,6,9,11,8,7,5,8,6,9,11,14,13,12,15,16,14,11,13,20,6,16,18,21,20,18,11,21,30,32,25,35,36,31,28,23,33,28,35,25,24,29,19,25,28,30,16,16,16,12,5,7,8,4,4,3,2,1,1,,,,1,,,,,,,1068,
4103,2,,,,,,,,,,,,,,,,,,,,,,,,1,,1,,1,,,,,,,,,,,,,,,,,1,,1,1,1,,,3,,,,,,,1,,1,1,1,,2,1,1,1,2,2,2,3,1,1,2,1,2,2,1,,2,2,1,2,5,1,3,4,,1,,,1,1,1,1,1,,,,,,,,,,,,,,,,,66,
4104,,,,,,,,,,,,1,,,,,,,,,,,,,,,,,,1,,,,,,1,,,,,,,,,,,1,,,,,,,,,,,1,,,,,,,,,2,,,,,,,,,,,3,1,,1,1,,,,,,2,,,1,,2,,,1,1,,,,,,,,,,,,,,,,,,20,
4105,,,,,,,,,,,,,,,,,,,,,1,,,,,,,,,,,,,,,,,,,,,,,,,,,,,,,,,,,,,,,,2,,,,,,,,1,1,,,1,,1,1,,,,,,,,1,,1,3,1,,,,,,,,,,,,,,,,,,,,,,,,,,,14,
4106,3,,,,,,,,,,,,,,,,,1,1,2,,2,,,1,1,,,,,,,1,,,,,,,1,1,,1,,1,,,,1,,1,,1,,2,1,3,,3,2,,2,2,3,3,2,,3,3,5,5,2,4,1,1,2,3,3,6,5,3,6,3,1,3,8,1,2,1,2,2,2,2,2,2,5,1,2,,1,,,,1,,,,,,,,,,,135,
4201,5,,,,,1,,,,,,,,,,,,,,,,1,,2,1,,,,,,1,1,1,,,,,,,1,,,2,,1,1,1,,1,1,1,,3,1,1,1,1,1,1,5,2,1,3,3,2,3,5,4,2,6,2,5,4,2,5,4,1,3,4,8,7,11,8,8,5,2,1,5,5,4,5,4,2,1,2,,2,1,1,,4,,,,,,,,,,,,,,183,
4202,1,2,,,,,,,,,,,,1,,,,,,1,,,,,,,2,,,,1,,,,,,,,,,2,,,,,,,,1,1,,1,,,,,,,,,1,,,,,,2,,,1,1,,1,1,,7,2,,3,2,2,1,1,,,3,3,1,1,1,1,3,2,2,,1,,,1,1,,,,,,,,,,,,,,,58,
4203,4,,,,,,,,,,,,,,,,,,,2,1,3,1,,,1,,,,1,1,2,,,,,1,,,1,,,,,1,1,,,2,2,3,1,2,2,1,,1,2,,2,1,,1,2,2,1,6,2,1,2,2,1,3,2,1,3,2,6,5,3,3,2,1,4,,3,1,,2,2,6,1,1,3,1,,,,,,,,,,,,,,,,,,,,114,
4204,4,,,,,,,,,,,,,,,,,1,,,,1,,,,,,,,,,,,,1,1,,1,,,,1,1,,1,,1,1,1,1,,1,2,2,2,5,2,2,,,3,1,,3,4,2,2,3,2,4,2,5,4,3,5,2,6,4,6,9,2,8,2,4,4,2,2,3,6,3,2,1,2,1,3,1,1,1,,,,3,1,,,,,,,,,,,,154,
4301,15,1,,,,,,,,,,,,,,,,,1,1,2,1,2,2,1,1,3,1,1,1,4,1,2,,,6,2,,1,1,3,2,3,3,1,3,1,5,4,6,6,4,7,2,2,7,5,6,3,5,8,3,6,5,7,11,8,10,4,13,15,14,15,16,13,13,18,22,10,21,23,20,20,25,14,16,16,21,18,12,12,11,7,10,3,4,7,2,3,3,3,,,,,1,1,,,,,,,,612,
4302,,,,,,,,,,,,,,,,,,,,,,,,,,,,,,,,,,1,,1,,,,,,,,1,1,,,,,1,,,2,,2,,,,1,,1,2,1,2,,,2,1,1,,,2,3,7,3,2,4,1,3,3,1,6,1,5,4,2,4,3,3,3,3,3,3,1,1,2,,2,2,,2,,,,,,,,,,,,,,99,
4303,2,1,,1,,,,,,,,,,,,,1,,,,,2,,,,1,,,,2,,,,1,,,,,1,,1,,,,,1,1,1,2,2,1,2,2,,,,1,1,2,,1,2,1,3,,6,2,4,1,5,3,5,3,5,4,2,4,5,6,3,6,5,5,7,6,1,4,5,4,2,1,2,5,1,2,,1,1,,,,1,,,,,,,1,,,,,,154,
4304,1,,,,,,,,,,,,,,,,,,,1,,,,,1,,,1,,1,,1,,,,2,,,,,,,,,,,,,,,,,1,,2,,,1,1,,,,1,,,1,3,1,4,,1,1,1,1,2,,3,1,4,1,2,2,3,,5,1,2,2,4,,2,6,2,1,,1,1,,1,,,,1,1,,,,,,,,,,,75,
4305,,,,,,,,,,,,,,,,,,,,,,,,,,,,,,,,,,,,,,,1,1,,,,1,,,,,,,,,,,,,,,1,,1,,1,,,3,,1,1,1,1,,,,1,3,1,,2,,1,1,1,2,1,,2,1,1,,1,2,,,1,,1,,,,,,,,,,,,,,,,,,35,
5101,42,4,2,1,2,1,1,,1,1,,1,3,,,1,1,3,3,2,4,2,5,2,5,2,1,3,4,4,7,1,8,7,,6,7,7,4,5,7,6,9,15,6,11,9,16,16,15,16,18,15,20,28,20,22,26,22,12,24,25,29,29,32,25,37,40,45,44,37,47,29,38,45,47,61,61,64,76,69,73,71,71,66,45,63,53,50,45,47,36,26,25,34,29,16,11,11,5,2,3,3,1,,1,,,,,,,,,2153,
5102,1,,,,,,,1,,,,,,,,2,,1,1,,,,,,1,,,,2,1,,,,,,,,1,,,1,2,,,1,,,1,3,,,,3,2,,2,1,,,,2,1,2,2,1,1,1,1,2,1,2,2,7,3,4,1,5,5,2,7,5,6,1,4,3,3,5,,2,2,2,3,4,,1,2,2,1,,1,1,1,,,,,,,,,,,,,128,
5103,3,,,,,,,,,,,,,,,1,,,1,,,,,3,1,1,1,,,1,,,1,,,,,2,,,2,1,,,,1,1,1,3,,,2,1,1,2,,3,3,3,5,,1,1,4,2,2,2,,5,1,2,2,2,5,4,4,3,4,3,6,2,6,4,3,6,3,1,7,4,11,2,1,1,1,2,1,2,1,,,1,1,1,,,,,,,,,,,,158,
5105,2,,1,,,,,,,,,,,,,,,,,,,,,,,,,2,,,,,,,1,,,1,,,1,,,,,,,2,2,,1,,,3,1,,1,4,1,1,,,1,1,1,1,4,2,,,1,1,1,3,2,4,5,1,4,5,3,1,6,6,2,2,1,2,1,4,3,,2,,4,1,,1,,,,,,,,,,,,,,,,,100,
5107,2,,,,,,,,,,,,,,,,,,,1,1,3,,,,,,1,,,,1,,,1,1,1,,1,,,,1,,1,,1,,1,1,,3,,2,,,,3,1,1,,1,1,3,2,1,,5,1,2,7,1,6,1,5,4,3,2,2,5,8,4,7,11,2,4,2,4,5,4,5,1,4,3,2,1,3,2,1,,,,,,,,,,,,,,,,153,
5109,31,,2,,,,,,1,1,1,2,1,2,2,,1,,4,2,3,,2,2,5,1,1,2,3,3,4,7,3,6,2,1,4,5,3,4,6,8,2,6,9,10,5,10,9,14,18,8,9,26,25,22,13,21,23,18,16,27,16,28,30,36,37,31,39,31,33,42,49,42,43,48,50,59,54,88,74,79,67,72,75,78,66,61,60,62,50,60,27,43,29,23,28,23,9,11,4,1,5,,,,,,1,,,,,,2180,
5201,1,1,,,,,,,,,,,,,,,1,1,,,,,,,,,,,,,,,,,,,,,,,,,2,,,,,,,,,,1,,,,1,1,,,3,,,,,1,1,,1,,,2,,1,,,,3,,,,,,,1,,,,,,,,,,,,,,,,,,,,,,,,,,,,,,22,
5301,7,,1,,,,,,1,,,,,,1,,1,,2,,1,1,2,2,1,1,,,2,,1,,,,2,,1,,2,1,,1,,4,3,1,2,5,2,2,5,5,6,3,1,3,3,6,8,2,7,4,3,7,7,5,7,7,7,12,7,7,6,6,9,9,10,11,13,6,11,13,11,8,16,5,11,8,19,9,15,8,6,5,6,5,7,3,2,1,1,,1,,,,,,,,,,,,413,
5302,,,,,1,,,,,,,,,,,,,,1,1,,,,1,,,,,,1,1,,,,,,1,,,1,,,,,,1,,,,,,,,,,,,2,,,,2,1,1,1,1,1,,1,3,2,2,2,1,2,,4,2,1,3,4,2,3,4,1,2,1,2,1,,,,1,,,,,,,,,1,,,,,,,,,,,,,63,
5303,1,,,,,,,,,,,,,,,,,,,,,,,,,,,,,,,,,,1,,,1,2,,,,,,,1,,,,,,1,,1,,,,,,,3,,,1,1,,1,1,1,,2,,2,,,,1,,1,1,1,3,,,4,,2,,1,,,,3,,1,1,1,,,,,,,,,,,,,,,,,,40,
5304,3,,,,,,,,,,,,,,,,,1,,,,,1,,,,,,1,1,,1,1,,,,,,,,,1,1,1,1,,,1,,1,1,1,,,1,1,1,,2,,1,,1,,2,3,,2,4,1,1,,3,3,1,2,1,5,3,3,1,3,3,4,2,2,,1,3,1,4,1,,4,1,2,1,,1,,,,,,,,,,,,,,,,92,
5401,1,,,,,,,,,,,,,,,,,,,1,1,,,1,,1,,1,1,2,,,,,,1,,,1,2,1,,2,,1,1,,3,1,1,1,1,,1,3,,2,4,3,3,4,2,2,3,3,5,3,4,6,3,1,6,4,2,6,1,9,6,5,9,8,6,6,2,9,4,5,7,4,6,3,1,5,3,,3,,1,,,,1,,,,,,,,,,,,,199,
5402,2,,,,,,,,,,,,,,1,,,,,,,,,,,,1,,,,,,1,,,,1,1,,,,1,2,,,,1,,,,,1,2,1,1,1,,1,1,2,1,2,3,4,5,3,2,4,2,2,4,1,4,2,6,4,5,5,5,3,3,5,7,2,1,3,2,2,1,5,,1,6,2,,3,2,1,,,,,,,,,,,,,,,,,134,
5403,,,,,,,,,,,,,,,,,,,,,,,,,,,,,1,,,,,,,,,,,,,,,,,1,,,,1,,,,,,,,,,1,,,1,,,,1,,1,,1,,1,1,1,,,,2,1,1,,,1,,1,1,,,2,1,,,,,2,,,,,,,,,,,,,,,,,,,23,
5404,1,,,,,,,,,,,,,,,,,,,,,,,,,1,,,,,,1,,,,,,,,2,,1,,,,,,1,2,2,1,1,,,,1,,1,1,,,,3,1,,,1,,1,2,1,,1,1,1,1,2,3,2,4,3,1,2,2,1,1,5,,1,1,1,,,1,,1,1,,,1,,,,,,,,,,,,,,,62,
5405,,,,,,,,,,,,,,,,,,,,,,,,,1,,,,,,,,,,,,1,1,,,,,,,,,,1,,1,,,,1,1,,1,2,,,,1,2,,2,,,1,,2,1,1,,2,,2,1,2,,1,2,1,1,,,1,2,,,,,,,1,,1,,,,,,,,,,,,,,,,,,,37,
5501,8,4,,,,,,,,,,,,,,1,,1,1,,1,1,3,,2,2,1,3,2,2,1,3,2,,2,2,,,2,3,2,,1,1,6,2,3,6,2,4,2,6,1,5,5,3,1,10,3,6,7,5,7,9,5,10,7,8,12,11,19,10,14,11,7,7,11,14,20,22,23,21,22,16,19,13,13,16,25,17,16,11,11,5,5,10,4,2,2,2,3,2,3,1,,,,,,,,,,,594,
5502,3,,,,,,,,,,,,,,3,,,1,,2,,1,,3,2,,1,2,,,3,,,1,1,,1,,,3,2,,1,3,,2,1,1,1,8,5,3,2,3,2,1,4,5,2,,3,4,7,6,8,7,4,10,9,4,9,3,10,10,6,8,4,8,12,9,10,7,11,10,7,11,10,15,8,6,10,5,6,3,9,3,2,2,,,,,,,,,,,,,,,,,349,
5503,1,1,,,,,,,,,,,,,,,,1,,,,1,,1,,2,,,,,2,,,,,,,,,,,1,,,1,1,,1,,,1,1,2,,2,,,2,1,1,1,,,,2,1,1,3,,,,,1,1,,5,3,1,1,2,1,5,4,2,4,4,3,,2,5,,,1,1,,,,,,1,,,1,,,,,,,,,,,,79,
5504,3,,,,,,,,,,,,,,,,,,,,,,,,1,,,,1,,1,,,,,,,,1,2,,,,,,,1,,,,1,,1,1,1,,,,,1,,2,1,,,2,,2,,1,2,2,1,,5,1,2,2,1,3,3,3,1,1,2,1,2,5,5,1,2,3,1,,,2,,,,1,1,,,,,,,,,,,,,,76,
5506,1,,,,,,,,,,,,,,1,,,,1,1,,,,,,,,,,,,,,,,1,,,1,,,,1,1,2,1,,,,,,2,,2,4,,3,2,2,1,1,,3,4,2,1,3,1,1,3,3,1,,2,5,3,5,2,3,3,5,10,2,4,2,1,3,5,4,5,3,2,1,1,1,1,,,,,,,,,,,,,,,,,,,123,
5601,12,1,,1,2,1,,,1,,,1,,,,1,1,,,2,4,1,1,4,2,,,,2,2,,,,2,,3,2,4,,5,3,,2,4,2,3,4,6,4,5,7,5,7,8,9,8,5,3,4,9,8,7,15,6,5,14,6,9,10,21,10,9,13,15,11,9,18,16,10,11,15,21,18,18,18,7,11,14,11,12,13,9,8,4,5,5,1,4,1,,1,1,2,1,,,1,,,,,,,,577,
5602,,,,,,,,,,,,,,,,,,,1,,,,,,,,,,,,1,,,,,,1,,,,,1,,,,,,,,1,,1,,,,1,2,,2,,1,1,,,2,2,,3,1,2,2,2,,5,2,3,3,5,1,2,1,,2,,1,,2,,5,,,1,2,2,1,1,,1,,1,,,,,,,,,,,,,,,68,
5603,2,,,,,,,,,,,,,,,,,,,,,,,,,,,,,1,,,1,,,,1,,,,2,1,,,1,,,,1,,,1,,2,2,,3,,,1,2,2,1,2,,2,1,4,3,1,2,,2,5,2,4,1,4,3,5,3,8,5,7,4,4,7,5,2,1,,1,,2,1,,1,,1,,,,,,,,,,,,,,,,117,
5604,,,,,,,,,,,,,,,,1,,,,,,,,,,,,,,,1,,,,,,,,,1,,,,,,,1,2,1,,,1,,,,,1,1,1,3,,1,2,2,,1,,,4,3,2,3,4,1,1,,2,1,2,3,1,,4,1,2,3,1,3,2,2,1,1,,1,1,,1,,,,1,,,,,,,,,,,,,,71,
5605,,,,,,,,,,,,,,,,,,,,,,,,,,,,,,,,,1,,,,,1,,,1,1,,,,,,1,,,2,,,1,1,2,2,1,,,1,2,2,,,,1,1,2,1,,,1,2,,,1,,2,,1,4,,2,,,,1,,2,1,1,,,,,,,,,,,,,,,,,,,,,,,42,
5606,1,,,,,,,,,1,,,,,,,,,,,,,,,,,,,,1,,,2,,,,,1,1,,,,,,,1,,1,1,,1,,,,,,,2,,,1,1,,,,2,2,2,1,1,1,1,,3,,,,1,,3,1,2,2,2,2,2,,1,3,,,,1,,,2,,,,,,1,1,1,,,,,,,,,,,53,
5701,8,,1,,,,,,,,1,,,2,,,,2,,,3,2,,1,2,,,,1,,5,1,3,2,2,1,2,,2,1,1,2,2,1,1,1,3,1,2,3,4,,1,1,1,3,3,5,7,3,7,1,7,4,4,5,7,7,9,7,7,9,4,13,8,10,8,10,11,10,15,15,6,16,15,6,11,5,6,12,12,8,12,3,2,3,5,1,2,2,,2,,1,,1,,,,,,,,,396,
5702,,,,,,,,,,,,,,,,,,,,,,,,1,1,,,1,,,,,,,,,,,1,,,,,,,1,,1,,1,,1,,1,,,1,,,,2,1,,,1,2,1,,1,1,2,5,3,1,5,1,1,2,3,2,2,1,4,2,1,,4,3,2,1,2,1,,2,,1,2,,,1,,,,,,,,,,,,,,,73,
5703,6,,,,,,,,,,,,,,,1,,,,,,1,,,1,1,,,,,,,1,,,,1,1,1,2,2,,,1,1,2,,,2,2,1,,1,1,2,1,3,,4,2,5,2,2,2,5,2,4,4,1,4,5,2,4,1,2,6,3,2,4,3,6,4,3,3,6,3,3,5,2,4,1,2,,2,,1,,1,1,,,,,,,,,,,,,,,,151,
5704,,,,,,,,,,,,,,,,,,,,,,,,1,,1,1,,,,,,,1,,,,,,,,,,,,,,1,,,,1,,,1,,1,,,,1,,1,,1,1,,,1,,,1,,2,,,1,,2,1,2,2,2,1,2,2,,1,2,,,,,1,,,,,,,,,,,,,,,,,,,,,35,
5705,2,,,,,,,,,,,,,1,,,,,,,,,,,,,,,,,,1,,,1,,1,,,,,1,,,,,1,1,,1,,,2,1,,5,2,1,,,1,3,2,3,2,2,3,2,3,6,2,1,3,2,3,2,4,5,4,4,4,3,3,8,3,6,4,1,2,3,2,3,2,1,1,,1,,,1,,,,,,,,,,,,,,,126,
5706,2,,,,,,,,,,,,,,,,,,,,1,,,,,,1,,,,,,,,,,,,,,,,,,,1,,,,,,,1,,,,1,1,,,2,2,3,,1,,,,4,1,3,1,2,1,2,1,4,2,5,1,7,3,3,2,2,3,3,2,2,1,1,4,,3,,1,,,,,,,,,,,,,,,,,,,80,
5801,8,,2,3,1,,,,1,,,1,,,,1,2,4,,1,3,1,1,2,1,1,1,1,2,4,,3,2,1,1,4,3,5,6,,1,5,1,2,3,4,3,5,4,2,6,7,3,10,8,16,7,5,7,12,9,10,7,14,11,10,13,14,27,12,26,21,27,18,20,21,23,28,30,30,37,50,26,37,37,37,37,21,26,15,27,29,22,14,9,9,10,10,1,2,4,2,4,,1,,,,,,,,,1,1016,
5802,4,,,,,1,,,,,1,,,,,,,,1,,1,,,1,2,,,,,2,,,,,1,1,1,1,,1,1,,,,3,1,1,,2,3,2,4,3,1,4,1,,5,3,3,2,4,3,4,6,7,4,10,10,6,5,6,8,8,5,7,16,9,12,13,7,10,14,14,7,9,9,12,14,5,8,6,8,2,3,2,3,1,1,3,1,2,,,1,,,,,,,,,,342,
5803,,,,,1,,,,,,,,,1,,,,,,,,,,1,,,,,,,,,,,,,,1,,,1,,,,,,,,,1,,,,1,1,,,,,1,1,4,3,,,,1,,2,1,3,3,2,2,3,4,3,2,3,5,1,2,7,4,1,3,,1,2,4,3,4,,3,1,,1,,,,1,,1,,,,,,,,,,,,90,
5804,10,1,,,,,,,,,,1,1,,,1,,1,,3,2,3,,1,,,1,,3,,3,1,1,1,2,3,3,2,2,2,4,2,3,1,1,4,3,1,3,3,2,4,7,2,9,7,9,6,9,10,10,6,8,7,18,9,18,7,11,9,17,13,16,14,16,21,11,25,18,23,30,17,22,33,11,30,22,21,22,16,19,22,12,19,14,8,10,3,3,2,3,1,1,,,,,,,,,,,,756,
6101,33,4,2,3,,2,1,,,1,1,,,,1,,3,2,4,1,3,1,4,1,4,4,2,5,,5,4,4,2,5,6,6,1,5,6,4,7,4,5,11,11,4,9,8,12,10,13,11,20,10,14,11,11,15,11,17,14,9,17,29,36,24,20,25,24,28,34,28,29,33,25,28,30,23,34,38,34,49,34,34,27,23,38,31,26,33,22,22,17,17,9,9,8,,4,6,2,3,,1,,,,,,,,,,,1321,
6102,1,,,,,,,,,,,,,,,,,,,,1,,,,,,,,,1,,,,1,,1,,,1,,1,,,,1,,,,1,,,,,,,,2,,1,1,1,1,,2,,1,,3,4,1,1,2,1,1,2,3,2,3,1,,2,2,2,2,2,3,1,2,,,1,,2,1,1,1,1,,,,,,,,,,,,,,,,,,65,
6103,,,,,,,,,,,,,,,,1,,,,,,,,,,,,,,,,,,,,,1,,,,,,,,,,,3,,1,,,,,,1,,1,,1,1,,2,,,,,,1,,3,,2,1,,,1,4,,1,2,4,1,,1,,,3,2,,2,1,,1,,,1,2,,,,,,,,,,,,,,,,,45,
6104,4,,,,,,,,,,,,,,,1,,,,,,,,,,,,1,1,,,,,,,1,,,,1,,,,1,2,,1,,1,1,1,3,,2,2,3,,1,2,4,3,2,1,2,1,3,2,2,5,1,1,3,2,2,4,5,4,4,1,2,,4,2,4,2,4,2,2,5,3,1,,1,,1,1,1,1,,1,,,,,,1,,,,,,,,,119,
6105,1,,,,,,,,,,,,,,,,,,,,,1,,,,1,,,,,1,,,,,,1,,,2,1,,,,,,,2,1,,1,1,,2,3,,,2,2,1,,3,1,1,,2,2,3,3,3,3,5,3,2,2,2,1,1,3,2,2,6,4,1,5,1,3,2,4,,,3,2,2,1,,,,,,,,,1,,,,,,,,,,,102,
6106,3,,,,1,,,,,,,,,,,,,1,,,1,,,1,,,2,,,,1,2,,1,,1,,,1,,1,1,1,,2,2,1,1,,1,,3,1,2,1,1,1,1,1,5,1,4,5,1,4,,5,5,2,1,2,2,4,,3,2,2,4,4,7,2,3,1,6,6,8,1,3,2,,3,4,2,1,4,,,,1,,,,,,,,,,,,,,,,146,
6107,1,,,,,,,,,,,,,,,,,,2,,1,,,,1,,,,,,,,,,,,1,,,,1,1,1,,,1,1,2,1,,2,1,,2,3,2,1,2,3,,2,2,5,3,3,3,3,,1,2,3,3,2,2,1,2,5,3,2,4,7,6,4,4,3,3,2,4,2,2,4,,3,1,1,1,,2,,,,,,,,,,,,,,,,,130,
6108,4,,,,,,,,,,,,,,,1,1,1,1,,,2,,,1,,,1,2,1,,,,1,1,,1,1,,,,3,1,1,1,,2,2,3,2,5,,1,2,2,1,4,2,3,4,,2,2,3,3,3,1,2,2,5,3,4,,4,3,2,2,5,3,5,3,6,9,6,5,4,6,2,7,2,1,1,1,2,2,,1,,,2,,,,,,,,,,,,,,,172,
6109,1,,,,,,,,,,,,,,,,,,,,,,1,,,,,,,,,,,,,,,1,,,,,,,,,,,,,4,1,1,3,,1,3,1,,,1,,1,3,1,1,,2,1,2,1,4,2,1,1,,2,,3,2,1,5,,3,3,1,2,1,1,2,1,1,2,,1,,,,1,,,1,,,,,,,,,,,,,71,
6110,2,,,,1,,,,,,,1,,,,,,,,,1,,1,,,,,,1,1,1,1,1,,,1,2,,2,1,,,,1,3,,,2,,1,1,,1,,1,1,3,,2,2,1,2,2,2,4,2,3,1,2,6,3,4,5,1,3,2,1,2,2,2,4,4,4,1,2,1,1,4,1,2,,1,1,,2,,2,,,1,1,,,,,,,,,,,,,,117,
6111,3,,,,,,,,,,,,,,,1,,,,,,,,,,,1,,,,1,,,,1,,,,,,,1,1,,1,,2,1,,1,2,1,,,,,,3,2,2,1,1,1,,1,1,,1,1,1,2,1,,2,,,1,4,1,1,5,3,2,2,1,3,,,2,,,,1,1,,1,,,,,,,,,,,,,,,,,,,65,
6112,1,,,,,,,,,,,,,,,,,,,,,,,,,,,,,1,,,,1,,,,1,,1,,,,1,,,2,1,,1,1,,,,,,2,1,1,,,1,3,2,2,,2,5,1,4,1,2,3,3,2,1,2,1,4,4,2,5,1,3,5,,5,3,2,5,4,3,2,1,,,,,,,,1,,,,,,,,,,,,,100,
6113,,,,,,,,,,,,,1,,,,,1,,,,1,1,,,1,,,,,1,1,,,,,1,1,,1,,1,,,1,,1,,1,1,,1,1,1,3,,2,1,1,1,1,,1,2,2,1,5,4,2,2,,4,,1,6,,,5,2,,4,4,10,4,4,1,4,4,5,2,,4,2,3,,,,,,1,,,,,1,,,,,,,,,,117,
6114,,,,,,,,,,,,,,,,,,,,,,,,,,,1,1,1,,,1,,,,,,,,,,2,,1,2,,1,,,1,2,,,1,2,1,,1,1,,1,1,2,1,,,,3,1,1,2,2,3,1,1,1,1,2,2,1,1,2,,2,1,2,4,3,2,2,1,1,,,,2,,,1,,,,,,,,,,,,,,,,69,
6115,6,,,,,,,,,,,,,1,,2,1,,1,2,2,,2,2,1,,1,1,1,,,1,,2,,1,1,1,,1,4,,,4,2,2,,2,,2,4,3,2,2,4,7,3,5,1,11,2,2,5,6,4,6,5,3,9,3,7,8,6,3,8,6,8,5,6,9,7,6,6,10,9,6,10,7,11,6,6,2,7,4,3,1,1,2,3,,,,,,,,,,,,,,,,306,
6116,2,,,1,1,,,,,,,,,,,,,,1,,1,,,1,,,1,,,1,,,,,,,,,,2,,,,,,,,,3,1,1,4,1,1,2,2,1,2,1,3,4,,4,3,2,1,3,3,1,1,1,,3,6,2,5,3,1,3,4,5,5,2,10,4,,2,,4,2,2,2,,1,,,,,,,,1,1,,,,,,,,,,,,124,
6117,6,,,,,,,,1,,,,1,,,,,1,,,,1,1,,,,,,1,,2,,1,1,1,1,,1,1,1,,,2,2,3,3,,1,4,3,3,,2,,3,3,5,,5,1,1,6,2,3,4,5,3,1,5,4,8,3,4,8,8,7,3,7,7,12,10,7,9,7,7,10,11,2,8,7,11,3,3,4,5,1,3,1,,,,,,,,,,,,,,,,,271,
6201,,,,,,,,,,,,,1,,,1,,,,1,,,,,,1,,,,,,,,,,,,,,,,,,,1,1,1,,,,1,1,1,1,1,1,1,1,,2,,2,,3,2,1,,1,2,1,,,2,1,2,3,2,1,1,5,2,2,3,2,3,1,1,2,,1,4,1,1,1,1,1,1,1,,,,,,,,1,,,,,,,,,75,
6202,,,,,,,,,,,,,,,,,,,,,,,,,,,,,,,,,,,,,,,,1,,,,,,,,1,,,,,,1,,1,,,,,,,1,,,,,,,,,1,2,,,1,1,1,,,,,,,1,,1,2,3,,,1,1,,1,,,1,,,,,,,,,,,,,,,,,22,
6203,,,,,,,,,,,,,,,,,,,,1,1,1,,,,,1,,,,,,,,,,,,1,,,,,,,1,,,,,,,,,1,1,,1,,,1,1,,1,,1,1,,,1,,,,,,,1,1,1,1,,1,2,1,1,5,2,,,2,2,1,,,1,,2,1,,1,,,,,,,,,,,,,,,41,
6204,,,,,,,,,,,,,,,,,,,,,,,,,,,,,,,,,,,,,,,,,,,1,,,,,,,1,,,,,2,,,,1,1,,,,1,,1,,2,1,1,,2,1,2,,1,3,3,4,1,1,2,,1,,,2,2,,4,2,2,3,1,,,,,,,,,,,,,,,,,,,,,49,
6205,,,,,,,,,,,,,,,,,,,,,,,,2,,,,1,,1,,,1,1,,,,,,,1,,,,1,,,,1,,,1,,1,,,,1,,,,2,1,1,2,,1,1,1,1,1,,2,,,1,,1,1,1,1,,2,1,,4,1,,,2,2,1,,1,,,,,1,,,,,,,,,,,,,,,,45,
6206,2,,,,,,,,,,,,1,,,,,,,,,,,,,1,1,,,1,,,,,,,,,,,,,,,,1,,1,1,,1,,,1,,1,,,,2,,2,1,,,,,1,,,,2,1,1,,,1,2,1,1,2,2,,1,2,1,,,,2,3,,2,,,2,,,,,,,,,,,,,,,,,,,44,
6301,8,1,,,,,,,,,,,,,,1,1,,1,,1,2,,1,3,1,,,,1,2,1,1,,1,,3,5,5,,1,5,2,4,1,5,5,4,2,2,2,1,5,2,5,1,4,3,10,7,3,6,5,7,10,5,7,6,7,5,7,7,10,2,5,10,8,14,10,10,15,11,15,14,14,13,8,6,6,6,13,3,4,3,4,5,2,2,4,1,1,,,,,,,,,,,,,,404,
6302,1,,,,,,,,,,,,,,,,,,,,,,,,,,,,,,,,,,,1,,,1,,1,,,,,,,,,,1,1,1,,4,1,1,2,,,2,,1,,,,1,2,2,1,,1,1,4,3,3,2,1,3,1,4,2,2,2,1,1,3,1,5,1,,,,,3,1,2,1,,,,,,,,,,,,,,,,,72,
6303,4,,,,,,,,,,,,,,,,,,,,1,1,1,,,,,,,,,1,,1,1,2,,,1,1,1,2,1,1,1,,1,1,5,,,2,2,5,1,3,2,1,1,4,4,4,2,2,5,3,4,2,4,5,4,1,3,3,4,8,4,5,5,7,4,8,3,9,6,5,3,5,1,1,1,4,1,3,1,3,,2,,,,2,,,,,,,,,,,,,189,
6304,1,,,,,,,,,,,,,,,,,,,,,,,,,,,,,,,1,,,,,,,,,,,,,,,1,1,,,,,,4,,1,1,,1,1,,,1,3,,,,1,,1,2,,,,2,1,,1,2,2,,1,1,3,,,5,,2,1,2,5,1,3,,,1,,1,1,,,,,,,,,,,,,,,55,
6305,1,,1,,,,,,,,,,,,,,,,,,,,,,,,,,,,1,1,,,,1,,,,,,1,1,2,,1,1,,,,2,,2,2,5,1,4,2,1,2,,2,,5,1,4,4,3,2,2,1,2,,3,1,2,4,2,,3,2,,,2,1,4,,3,1,5,,1,2,2,,1,,,,1,1,1,,,,,,,,,,,,,100,
6306,1,,,,,,,,,,,,,,,,,,,,,1,,,1,,,,1,1,,,,,1,,,,,,1,,,1,1,,1,,1,,,1,1,3,2,,,,1,,,1,2,2,2,1,,2,,1,1,1,,4,1,1,1,1,,,1,3,3,2,,,5,2,,1,1,1,,,,,,2,,,,,,,,,,,,,,,,,61,
6307,,,,,,,,,,,,,,,,,,,,,,,,,,1,,,,,,,,,,,,,,,,,,,,1,,,,,,1,,,1,,1,,1,,,,,4,2,,3,2,2,1,1,,3,2,1,2,3,1,1,6,2,2,4,1,2,1,2,3,2,1,2,3,3,4,3,,,,1,,1,1,,,,,,,,,,,,,78,
6308,,,,,,,,,,,,,,,,,,,,,,,,,,1,,,,,,,,,,,,,,,,,,,,,,,,,,,,,,,,1,1,2,1,1,,1,2,1,,1,,,1,2,1,1,1,,,1,1,1,2,2,,2,1,1,3,,,,2,1,,,,,1,,,1,,1,,,,,,,,,,,,,38,
6309,1,,,,,,,,,,,,,,,,,,,,,,,,,,,,,,,,,,,,,,,,,,,,,,,,,,,,,,1,,,1,,,,1,,1,,,,,1,,,,,,1,1,1,3,,,,1,,2,1,,1,,3,,,,,,,,,,,,,1,,,,,,,,,,,,,21,
6310,2,,1,,,,,,,,,1,,,,,1,,,,,,,2,2,,,1,,,,1,,1,,1,,,,2,,1,1,,1,2,1,,1,2,4,1,2,1,3,3,2,6,3,2,,3,5,1,4,2,3,3,3,2,8,1,3,4,12,8,2,3,6,6,9,9,6,7,9,5,6,9,6,3,4,3,5,3,3,2,4,,,,1,,,,,,,,,,,,,,224,
7101,24,2,3,,1,2,,,,,1,,,1,,,1,1,1,1,5,3,3,3,2,2,3,1,4,3,4,2,2,2,1,2,5,5,1,9,6,4,2,5,7,8,3,2,13,9,10,9,7,10,16,15,13,15,25,14,11,16,14,13,18,25,25,16,22,24,25,29,19,22,28,32,32,29,34,40,41,36,35,36,30,38,28,30,27,25,22,18,17,16,14,11,9,7,7,4,,,,,1,,,,,,,,,,1219,
7102,8,,1,,,,,,,,,,,,,,,1,3,1,2,,,1,1,1,,,,,,,1,,,2,,1,1,3,1,,2,1,,2,3,2,4,2,2,3,3,3,6,5,1,1,2,2,2,3,1,7,5,5,3,7,5,7,3,6,2,5,4,6,1,7,6,6,7,7,9,3,6,9,3,7,8,2,2,3,1,2,1,,1,1,,,1,2,1,,,,,,,,,,,,239,
7103,,,,,,,,,,,,,,,,,,,,,,1,,,,,,,,,,2,,1,,,,,,,,,,,,,1,,,,,,,,1,1,,,,1,1,3,1,,1,2,5,1,1,,1,,5,,3,2,,2,3,3,3,3,2,3,4,2,2,1,3,3,2,1,2,2,1,1,1,2,,1,1,,,,,,,,,,,,,,82,
7104,1,,,,,,,,,,,,,,,,,,,,,,,1,,,,,,1,,,,,1,1,,,,,,,,,,,,,,,,,,,,,,1,,,,,,,,,1,,,,,1,,,,,1,4,,,1,1,1,1,,,,,,1,,1,,,,,,,,,,,,,,,,,,,,,,,19,
7105,4,,,,,,,,,,,,,,,,,,,,,1,,,1,,,,1,,,2,,,2,,,,,,1,2,,2,,1,2,1,3,1,1,1,,3,4,1,5,1,1,1,2,1,1,3,3,5,3,4,5,7,1,,6,5,4,5,4,2,2,4,6,3,4,3,2,5,4,5,,3,1,1,4,2,1,,,1,,,1,,,,,,,,,,,,,,155,
7106,1,,,,,,,,,,,,,,,,,,,,,,,,,,,,,1,,,,,,,,,,,,,1,,,,,1,,,1,,,,,1,,,,1,,,,1,,1,1,,,,,1,2,3,2,,,3,1,1,1,,,,1,,2,1,2,1,1,1,2,1,1,1,,1,,,,,,,,,,,,,,,,,39,
7107,1,,,,,,,,,,,,,,,,,,,,,,,,,,,,,,,,1,,,,1,,1,,,1,1,,1,,,,1,,2,1,,1,1,,1,,1,,1,,1,1,,,1,1,2,,,3,1,1,,1,1,2,1,3,5,1,4,2,2,2,2,1,1,3,3,3,1,1,1,,1,,,,,,,,,,,,,,,,,,68,
7108,3,,,,,,,,,,,,,,,,,,,,1,,1,,,,,,,,,,,,1,,,,,1,,,,1,,1,,1,,,,,,,,,,,,1,1,,,1,,2,1,4,3,1,1,,2,2,,2,2,1,1,3,2,6,,3,1,3,2,4,1,3,4,1,3,1,,1,,,,,,,,,,,,,,,,,,,73,
7109,5,,,,,,,,,,,,,,,,,1,,1,1,,,2,,,,1,1,1,1,,1,,,1,1,1,2,1,1,,,,1,1,,1,2,,3,1,1,4,4,2,4,,3,2,2,5,2,3,2,2,5,2,6,6,5,7,2,4,,4,4,4,7,4,7,4,6,8,7,5,7,3,7,,3,6,3,3,,1,,1,,,,,1,,,,,,,,,,,,199,
7110,3,,,1,,,,,,,,,,,,,,,,,,,,,,,,,,,1,,,,1,,,1,,,,,,,1,,1,,,,,,,,,,1,1,1,1,,,3,2,,2,1,1,1,3,,,,1,,,1,,1,,1,,1,1,,2,2,1,,2,,3,1,1,,,1,,,,,,,,,,,,,,,,,,45,
7201,,,,,,,,,,1,,,,,1,1,,1,,,2,2,2,,,2,,2,1,1,2,2,1,1,,,,,3,,,2,,2,1,,2,3,2,1,1,3,3,3,6,4,3,2,5,2,7,5,6,8,2,7,1,1,7,3,1,13,8,8,7,7,10,7,9,7,12,10,13,11,10,12,9,9,4,7,4,6,9,7,3,1,3,2,4,,1,,,,,,,,,,,,,,331,
7202,,,,,,,,,,,,,,,,,,,,,,,,,,,1,,,1,,,,,1,,,1,,,,,,,,,1,,3,,1,1,1,,,,4,,1,,,2,,,1,,3,3,1,3,,1,1,2,2,,,,,2,2,2,1,4,2,3,,1,3,5,2,,2,,,,1,,1,,,,,,,,,,,,,,,,66,
7203,1,,,,,,,,,,,,,,,,,1,,,,,,,,,,,,,,,,,,,,,,,,,,,,1,1,,,,,,,,,,,1,,1,,,1,,,,,,2,1,,,2,2,,1,,2,,1,,,1,,,1,1,2,1,1,1,,1,1,,1,,,,,,,,,,,,,,,,,,,29,
7301,15,,2,,,,1,,,1,,,1,,1,1,,1,1,2,,2,1,1,1,2,,1,1,5,1,,4,2,5,1,1,6,2,2,4,1,4,2,3,2,8,7,8,6,8,8,5,8,12,11,1,14,13,12,15,10,10,15,11,8,17,16,17,16,14,14,15,17,17,12,28,18,23,17,22,26,35,16,20,12,12,18,16,15,6,7,10,7,8,7,6,3,4,,2,,,,1,,,,,,1,,,,765,
7302,1,,,,,1,,,,,,,,,,,,,,,,,,,,,,,,,,,,,,,,1,,,1,,1,,,,1,1,2,2,1,1,,,,,,,1,,1,3,2,,1,2,,1,1,3,1,3,3,2,,2,1,,1,2,1,1,2,3,1,4,5,,2,2,,,2,2,1,2,,,,,,,,,1,,,,,,,,,,72,
7303,1,,,,,,,,,,,,,,,,1,,,,,,,,,,,,,,,,,,,,,,,,,,,,,,1,,,,,1,,2,,1,3,,,,,,,,1,,,,,,,3,,1,2,2,2,1,1,,2,1,3,2,2,,3,1,,,,2,2,,1,,,1,,,,,,,,,,,,,,,,,43,
7304,5,,,1,,,,,,,,,,,2,,,,,1,,,,,2,2,1,,,,,,1,1,,1,3,,1,1,1,,2,3,2,2,2,,1,3,,3,4,2,3,6,6,1,,6,6,4,6,5,4,9,5,5,3,9,4,9,14,7,15,8,8,7,7,8,9,12,13,7,12,3,9,7,6,5,11,11,6,3,4,2,2,,1,,1,,,,,,,,,,,,,,336,
7305,1,,,,,,,,,,,,,,,,,,,,,1,,,1,,,,,,,,,,1,,,,1,1,,,,,,,,,,,,1,,,1,1,,2,,1,,,,,,2,1,,2,1,1,1,2,,1,,1,1,1,3,1,2,5,3,1,,2,3,1,,2,,,1,2,1,,1,,,,,,,,,,,,,,,,,54,
7306,,,1,,,,,,,,,,,,,,,,,,,,,,,,,,1,,,1,,,,,,,,,,1,,1,1,,,,3,,,1,,,3,,,,,,1,,3,1,,,1,2,,1,1,3,2,,1,1,1,1,,3,3,,,1,1,4,3,2,2,,2,,1,,,1,,,1,,1,,,,,,,,,,,,,,57,
7307,1,,1,,,,,,,,,,,,,,,,,,,,,1,2,,,,,1,,,,,,,,1,,,,1,,,1,3,2,,,,1,1,,2,2,2,1,,1,,1,,1,5,,1,5,,3,6,1,1,6,2,1,,2,3,2,2,7,5,2,2,3,1,3,2,3,3,2,2,1,1,,1,,,,,,1,,,,,,,,,,,,,105,
7308,2,,,,,,,,,,,,,,,,1,,,,,,,,2,,1,,,,,1,,1,,1,,1,,,,,1,1,1,,1,1,1,2,3,,2,1,2,2,4,2,1,3,1,,4,3,2,2,6,1,,3,2,1,1,1,1,4,3,7,2,5,4,2,3,2,2,4,4,6,1,3,2,,2,1,3,1,1,,,,,,,,,,,,,,,,,,128,
7309,,,,,,,,,,,,,,,,,,,,,,,,,,,,,,,,,,,,1,,,,,,,1,,,,,,,,,,,,,1,1,,,,,,,,2,,1,,,1,,,,,,,1,1,,1,,,1,1,2,,,,4,,,,,,,1,,,,,1,,,,,,,,,,,,,,21,
7401,16,,,,,,,,1,,,,,,1,1,1,1,1,1,,1,,2,2,1,2,2,2,2,1,1,4,2,1,2,3,3,3,2,,2,4,4,2,2,5,3,7,2,8,6,8,3,2,2,6,5,2,8,6,10,6,10,9,11,11,11,12,13,20,7,12,8,16,17,20,15,20,15,12,20,28,19,15,11,21,17,14,13,14,13,9,5,4,5,5,3,3,3,1,1,,,,,,,,,,,,,625,
7402,,,,,,,,,,,,,,,,1,,,,,,,,,,1,,2,1,,1,,,,1,,,1,1,,,1,1,,1,1,1,,,,,,2,1,,2,1,1,4,1,3,1,2,2,2,,,4,,1,4,1,3,3,2,2,1,2,3,2,2,3,3,2,8,5,1,7,2,5,1,3,,1,,1,,1,1,,,,,,,,,,,,,,,,110,
7403,3,1,1,,,,,,,,,,,,,1,,,3,1,,,,,1,1,,,1,3,,,,1,2,1,,1,,1,3,,2,2,3,1,1,3,,2,,1,1,4,,4,3,3,2,2,3,,2,,5,6,4,6,4,4,3,7,5,3,1,7,4,2,3,6,5,4,5,5,9,4,8,3,1,6,4,4,2,2,2,2,,2,,1,1,,,,,,,,,,,,,,204,
7404,5,,,,,,,,,,,,1,1,1,,1,,1,,,4,1,1,1,2,2,1,3,,,,,1,1,1,,,,1,2,3,2,3,2,,1,2,1,1,6,3,1,1,1,6,,6,5,4,2,2,6,3,5,7,6,2,9,6,4,7,5,4,7,5,6,10,7,14,7,9,8,12,9,3,8,8,7,4,5,3,7,2,5,4,1,2,1,1,,,,,,,,,,,,,,,302,
7405,2,,,,,,,,,,,,,,,,,,,,,,1,1,,,,,1,,,,,,,2,,,,2,,,,1,,,1,1,,,2,,1,,,2,,2,,2,,1,,1,,2,1,1,3,2,3,2,2,3,3,3,3,2,2,3,10,4,4,4,4,4,7,3,1,3,2,,1,1,1,2,1,,1,,,,1,,,,,,,,,,,,112,
7406,3,,,,,,,,,,,,,,,1,,1,,,,,,,2,,,,,,,2,,,1,1,2,,2,1,2,1,2,1,2,1,2,2,1,2,3,4,1,2,2,5,2,2,3,2,5,1,6,4,3,2,4,6,2,4,2,5,4,4,12,8,5,3,10,8,11,7,7,6,11,9,8,11,5,4,3,4,7,,2,3,6,3,1,,1,,,,,,,,,,,,,,265,
7407,,,,,,,,,,,,,,,,,,,,,,,,,,,1,,,,,1,,,,,,1,,,,1,,,1,1,,1,,1,,,2,,2,,2,2,,2,1,1,2,2,1,2,1,2,2,3,,2,4,3,3,2,2,3,3,3,4,8,5,6,4,2,2,2,1,,1,3,1,2,2,1,,,,,,,1,,,,,,,,,,,,105,
7408,,,,,,,,,,,,,,,,,1,,,1,,,,1,1,,,,,,,,1,,,,,,,,,1,,,1,1,1,1,1,,3,1,,1,,1,1,4,,1,,2,2,4,1,2,2,1,1,,1,6,3,,5,3,3,2,1,4,3,2,3,,4,,1,1,1,1,,,1,1,,,2,1,1,,,,,,,,,,,,,,,,88,
8101,22,2,1,2,,1,,1,1,,3,,1,3,2,1,2,2,2,1,2,1,3,1,2,4,,2,4,2,7,2,1,1,3,3,7,2,4,3,2,5,5,5,11,9,6,9,7,8,11,6,8,9,9,9,14,11,18,18,18,14,15,16,29,25,21,21,22,23,20,22,28,26,22,35,18,26,29,34,34,46,40,44,28,34,32,26,36,36,21,23,17,24,16,13,12,11,7,4,2,1,3,,,2,,,,,,,,,1257,
8102,12,,,1,,,,,,,,1,1,,,,,,1,2,1,,4,1,1,1,,2,,2,,,,,,1,3,2,1,1,2,3,2,1,1,3,7,3,2,6,5,9,6,6,5,7,9,7,8,7,12,11,4,6,13,7,7,8,13,14,9,15,14,12,15,11,11,10,21,15,23,14,22,22,16,17,7,17,7,7,12,4,9,4,3,2,1,,1,,1,,,,1,,,,,,,,,,555,
8103,11,,1,,,,,,,,,,,,,,,,,,1,,1,,2,,1,1,,,,3,,,1,,1,2,1,3,1,,1,3,4,3,4,2,,1,2,3,4,5,3,4,4,6,5,1,3,8,6,5,8,4,11,8,3,8,9,12,6,11,10,3,12,7,8,12,13,11,12,7,13,9,4,10,9,12,9,9,3,5,9,2,6,2,3,1,1,,,,,,,,,,,,,,389,
8104,3,,,,,,,,,,,,1,,,,,,,,,,,,,,,,,,,,,,1,,,,,,,,1,1,1,1,,1,,,,,1,,2,,,,1,1,1,1,1,1,,1,,,4,,2,,4,1,7,2,,2,3,1,2,2,2,5,2,1,2,1,,1,1,1,1,,,1,,,,1,,,,,,,,,,,,,,,69,
8105,1,,,,,,,,,,,,,,,1,,,1,,,,,1,1,,,1,,,,1,2,1,,,,1,1,,,,,2,1,2,1,1,1,,,,1,1,1,1,1,3,,2,2,1,,2,2,5,2,2,2,1,1,3,5,1,3,2,3,4,3,1,4,5,3,4,4,2,3,3,1,3,3,3,1,1,2,1,,1,,,,,,,1,,,,,,,,,,120,
8106,4,1,,,,,,,,,,,,,1,,,,1,1,1,1,2,,,2,,1,,,,1,,2,1,,2,2,1,4,1,2,1,2,4,1,,,,2,1,1,5,1,3,4,3,5,4,13,5,5,6,3,6,1,9,7,1,9,12,7,7,7,8,8,3,3,8,8,14,15,12,8,8,10,11,8,6,1,5,1,,,4,2,1,1,1,,,,,,,,,,,,,,,,312,
8107,9,1,,1,1,,,,,,,,,,,,,,1,3,,1,1,3,1,,1,,,,,1,,,,,1,1,,,,3,3,1,2,1,1,3,,2,1,2,3,3,8,4,,5,2,4,4,3,3,4,5,3,6,8,3,8,5,8,4,6,2,5,7,4,7,7,6,5,12,8,10,6,3,10,5,6,4,1,3,5,1,1,3,1,2,1,1,,,,,,,,,,,,,,270,
8108,12,2,2,,,,1,,,,1,,,,,1,1,1,1,1,2,1,,1,,,,1,,,1,2,4,,1,1,1,,2,2,2,1,8,2,,2,4,1,7,2,6,4,5,7,4,8,3,6,4,7,10,8,10,9,10,6,13,8,10,11,4,12,7,11,8,9,14,9,10,8,5,10,11,13,6,6,6,8,8,4,10,5,2,6,8,3,,3,,1,,,,,,1,,,,,,,,,428,
8109,2,,,,,,,,,,,,,,,,,,,,,,,,,,,,,,,,,,,1,1,,,1,,,1,,2,1,1,,1,1,,1,,1,,1,,1,,,1,1,2,2,1,2,5,2,4,4,2,2,2,1,1,,3,4,2,3,1,,2,3,5,2,2,3,3,2,2,4,4,1,,2,1,,,,1,,,,,,,,,,,,,,98,
8110,12,1,1,2,,,,,,,,1,1,,1,1,1,1,,1,2,4,5,1,8,2,2,1,,1,3,,2,2,4,2,,3,2,1,1,8,4,5,4,4,11,5,4,6,6,10,16,15,15,8,11,13,9,9,14,13,13,12,11,23,17,16,18,18,25,17,22,21,20,19,23,26,25,29,25,35,30,29,23,21,20,16,21,8,22,15,12,16,13,8,4,8,4,3,1,,1,,,,2,,1,,,,,,952,
8111,2,2,,1,,,,,,,,,,,1,,,1,,,2,,2,,1,1,,1,,,1,1,2,,,1,1,,,1,1,,3,,1,,1,2,3,2,,4,1,3,5,1,3,4,3,4,4,,6,5,6,9,7,6,12,6,5,5,9,10,10,9,6,10,8,8,11,15,11,6,11,7,9,7,8,5,8,6,4,5,3,6,3,4,,,,1,1,,,,,,,,,,,,334,
8112,8,,,,,,,,,,,,,,,,1,1,1,,3,1,1,,,,1,,,,1,,1,1,1,2,2,1,3,,1,2,2,1,1,2,3,2,3,3,2,1,4,7,6,3,8,6,3,4,5,4,12,12,11,7,10,5,5,13,10,13,9,10,13,13,12,12,18,15,16,12,19,17,13,14,11,6,9,8,10,7,2,4,2,4,2,5,3,,1,1,,1,,,1,,,,,,,,470,
8201,2,1,,,,,,,,,,,,2,,1,1,1,1,,,1,1,,,,1,,,1,1,,,1,,,,1,,1,2,2,,,1,,1,3,1,2,,1,2,1,3,4,,1,2,1,5,3,3,,3,2,4,3,3,3,4,1,3,3,4,4,3,6,7,5,4,5,4,2,6,3,4,2,4,4,5,3,3,1,1,,,2,,,,,,,,,,,,,,,,,166,
8202,6,,,,,,,,,1,1,,,,,,,,1,,,2,,1,,,1,1,,,,1,1,,,,,2,,1,1,,2,1,1,1,1,2,1,1,2,4,3,3,5,2,,4,4,1,2,2,5,2,6,6,4,4,4,1,1,3,5,5,2,1,5,6,4,2,4,4,6,3,4,3,7,5,3,3,4,7,2,1,1,,4,2,,2,1,,,,,,,,,,,,,,194,
8203,7,,,,,,,,,,1,,,,,,,,,2,,2,,,,1,,1,,2,,,1,,,,1,,1,,,1,,,,1,3,1,1,3,,3,2,3,1,2,3,3,2,2,,2,2,4,9,3,4,7,7,2,4,2,3,3,1,4,7,5,7,9,9,6,8,5,4,4,7,7,7,2,4,2,4,3,1,3,2,1,,,,,,,,,,,,,,,,,214,
8204,,,,,,,,,,,,,,,,,,,,1,,,,1,,,,,,,,,,,,,1,,,1,,1,,,,,,,,,,1,,,1,,,1,1,,2,2,,,,,,2,1,2,1,,,,2,,2,2,1,1,2,2,1,1,1,1,,2,1,1,1,2,1,,1,,,,,,,,,,,,,,,,,,,,44,
8205,5,,,,,,,1,,,,,1,,1,1,1,,,2,2,1,,1,,1,,,1,,,,1,1,1,,,,,,4,,1,2,,2,2,1,1,1,4,,3,3,2,1,1,2,2,1,1,1,2,3,3,6,3,1,6,8,4,6,5,2,2,8,2,3,6,5,4,4,3,4,11,6,3,4,2,1,2,4,3,,1,2,,3,2,,2,,,,,,,,,,,,,,192,
8206,2,,,,,1,,1,,,,,,,,,1,1,1,,1,,,,2,,1,,1,,,2,,,1,,,,,,1,,,,1,2,1,,2,1,1,,2,2,4,2,2,2,3,1,1,1,2,3,1,1,2,2,1,4,2,,5,4,1,2,1,5,2,2,5,3,2,5,2,3,2,5,2,2,3,3,,,3,2,,,,1,,,,,,,,,,,,,,,127,
8207,,,,,,,,,,,,,,,,,1,1,,,,,,,,,1,,,,,,,,,,,,,3,1,,,1,,,,,,,1,,,,,,,2,,,,,2,1,1,1,2,2,1,,2,2,2,1,1,,2,1,,2,2,1,3,3,2,1,1,1,,1,1,,2,3,,,,,,,,,,,,,,,,,,,,,55,
8301,26,1,1,1,1,2,1,,,2,,,,,1,1,1,4,2,4,1,3,,4,3,2,4,2,2,2,6,1,1,5,3,6,1,1,5,1,4,3,5,4,7,6,11,5,3,6,11,13,6,12,9,12,19,14,11,10,21,12,16,16,15,16,18,20,16,26,32,19,20,18,21,25,27,22,30,26,35,29,33,31,28,24,24,21,20,28,15,18,14,16,12,8,3,3,7,6,1,2,,,1,,,,,,,,,,1067,
8302,,,,,,,,,,,,,,1,,,,,,,,,,,,,,,,,,,,,,,,,1,,1,,,,1,,,,,,1,,1,1,,,,,,1,,,,,,2,,,1,2,,,3,,1,,1,1,,,1,1,,1,,1,1,3,,1,,,,1,,,,,,,,,,,,,,,,,,,,,29,
8303,4,,,,,,,,,,,,1,,,1,,,,,,1,,,,1,1,,1,1,,2,,,1,,,,1,,,,,1,,,1,1,2,2,2,1,2,,1,,,,4,3,1,2,2,4,1,4,4,1,2,4,7,1,4,1,4,4,1,2,5,2,3,7,3,5,3,2,3,3,2,1,4,2,2,1,,1,1,1,,,,,,,,,,,,,,,,,135,
8304,3,,,,,,,,,,,,,,,,,1,,,,1,,1,,,,,1,,,,,1,1,,2,,,,,1,,2,2,,1,1,,,3,,3,1,3,,3,5,1,3,1,1,1,1,,6,2,1,1,8,4,6,4,2,1,3,1,4,1,4,1,4,1,7,3,,4,5,2,3,1,5,1,,1,2,,,,,,,,,,,,,,,,,,,132,
8305,6,,,1,,,,,1,,,,,,,,,1,,1,,,,2,1,,1,,,,,,1,2,,,,,1,,2,1,,1,1,,,1,1,1,3,5,3,,1,3,,2,4,2,2,4,1,1,4,,5,1,5,6,2,2,4,2,7,5,5,1,4,5,5,9,8,11,4,3,3,2,4,4,5,1,4,3,1,1,1,3,,,,1,,,,,,,,,,,,,188,
8306,4,,,,,,1,,1,,1,,,,,,,2,,1,,,1,,,,1,1,1,1,,,2,1,,,2,,1,,1,,2,,,,1,,1,2,1,2,1,3,3,2,2,1,1,3,4,3,2,2,4,6,3,2,3,1,2,2,2,3,4,3,7,6,3,4,1,2,1,11,4,6,4,5,2,6,1,1,3,3,3,1,1,,2,,,1,,,,,,,,,,,,,171,
8307,,,,,,,,,,,,,,1,,,,,,,,,,,,,,,1,,,,,,,,,,1,,,,,,,,1,,,,2,,1,,,,,,,,,2,,,1,3,1,,1,1,,2,2,2,2,2,,3,2,1,3,,2,,1,3,2,2,,2,1,1,1,,,,2,,1,,,,,,,,,,,,,,,,53,
8308,1,,,,,,,,,,,,,,,,,,,,,,,,,,,,,,,,,,,,,,,,,,,,,,1,,,,,,,1,1,,,,,,1,,,1,1,,1,,,,1,1,1,1,,,1,,1,1,2,,3,1,3,1,,1,1,,1,2,,2,,,,,,1,,,,,,,,,,,,,,,33,
8309,,,,,,,,,,,,,,,,,,,,,,,,,,,,1,,,,,,,,,,,,,,,,1,,,,1,,,2,,,1,1,,1,2,1,1,1,,,1,2,3,2,3,3,2,2,1,3,2,1,3,,1,2,,2,1,2,3,2,,1,1,3,2,1,1,1,,,,1,,,,1,,,,,,,,,,,,,,66,
8310,,,,,,,,,,,,,,,,,,,,,,,,,,,1,,,,,,,,,,,,,,,,,1,,,,,,,1,,,,,1,1,,1,,,,,,,,,,1,,5,,,1,,2,,1,1,1,,,1,,1,,1,1,2,,1,2,,1,,,1,,,,,,,,,,,,,,,,,,29,
8311,2,,,,,,,,,,,,,,,,,,,,,1,,,,,,,,,,1,,,,,,2,,1,,1,1,,2,1,,,,,,1,,,2,2,,2,1,,1,2,,2,1,2,2,2,4,5,,2,3,1,2,,5,3,4,5,6,3,6,2,7,3,2,4,2,3,4,5,1,1,4,,,,,1,1,,,,,,,,,,,,,,121,
8312,,,,,,,,,,,,,,,,,,,,,,,,,,,,,,,,1,,,,,2,,,1,,1,,,2,,,1,,,1,2,,1,,,1,1,1,,2,1,,1,,1,,2,2,1,2,1,3,2,3,2,7,3,6,,6,7,1,6,4,5,4,2,6,2,2,3,1,2,1,1,1,,2,,,,,,,,,,,,,,,,110,
8313,3,,,,,,,,,,,,,,,,1,,1,,,,2,,2,,,,,1,,1,1,,,2,,,,1,,,,,2,2,1,1,2,,2,1,2,,3,2,3,4,1,1,2,2,2,,3,3,2,3,2,4,4,3,4,1,2,4,6,8,3,3,6,6,6,12,5,2,3,,2,7,5,2,2,2,5,2,,3,,,,,,,,,,,,,,,,,173,
8314,2,,,,,,,,,,,,,1,,,,,,,,,,,,,,,,,,,1,1,,,,,,,,,,,,,,2,2,,1,,,,1,,,,,1,,1,,1,,,1,,,,1,3,1,,,1,,,2,,,,,1,,1,1,2,1,1,1,,,,,,,,,,,,,,,,,,,,,,,,31,
8401,9,1,,,,,,,,,,,,1,,2,,3,1,1,1,1,2,2,1,3,,2,1,5,4,5,2,5,1,4,2,2,10,4,2,8,4,3,7,6,7,16,11,7,13,13,5,10,15,10,16,9,19,16,14,17,17,15,26,14,10,21,25,20,18,30,30,21,25,22,30,29,21,29,41,25,34,34,35,28,25,30,28,19,24,20,18,15,12,7,15,7,4,1,3,2,3,,,,,,,,,,,,1136,
8402,1,1,,,,,,,,,,,,,,,,1,,,,1,,,,,,1,,,,,,,,,,,2,1,,,,,1,,1,,2,2,2,,2,1,1,1,2,2,2,4,1,1,5,4,2,2,4,5,5,4,5,1,2,4,6,5,3,7,6,4,7,2,2,7,3,2,3,4,,,7,1,8,1,1,,1,,,,,,,,,,,,,,,,,,156,
8403,,,,,,,,,,,,,,,,,1,,1,,,,,,,,,,,,,,,,,,1,,,,,1,,,,1,2,,,,,,1,,,1,,,1,,,,1,,,,1,2,2,,1,,,2,,2,1,2,3,,1,2,1,3,1,2,3,,,2,2,1,1,2,1,,1,,1,,,,1,,,,,,,,,,,,52,
8404,3,,,,,,,,,,,1,,,,,,,,1,,,,1,,,,,,,,,,,,,,1,,1,2,1,1,2,1,2,2,,,,1,,,2,,2,1,1,3,4,2,1,3,,1,3,,3,2,3,,7,2,2,4,4,2,4,2,2,,3,2,3,3,2,4,5,5,2,2,1,1,3,2,1,2,1,,1,,,,,,,,,,,,,,,123,
8405,2,,,,,,,,,,,,,,,,,1,,,,,1,,,,,,,,,,,,,1,,1,,1,,,,,,,1,1,1,1,1,1,2,,2,4,2,1,5,1,4,3,2,4,3,1,5,1,1,3,4,1,2,4,3,4,7,6,5,2,4,2,8,2,3,1,7,3,3,1,2,1,1,3,2,1,,1,,1,,,,,,,,,,,,,,,141,
8406,3,,,,,1,,,,,,,,,,,2,,,,1,,,,,,1,,,,,,,,,,,,,,,,1,1,,,1,1,,1,2,1,2,1,,,2,2,4,2,2,2,,5,6,,1,2,1,3,4,1,1,3,5,3,1,3,3,5,3,3,3,2,4,2,4,1,1,2,1,,2,,,,,,,,,,,,,,,,,,,,,,108,
8407,2,,,,,,,,,,1,,,,,,,1,,,,1,,1,,,,,,,1,,,,,,,2,,1,1,,,,,3,1,1,,2,1,1,,,2,,1,3,2,2,1,3,,1,,,2,3,2,3,3,,3,3,1,4,6,6,1,,3,4,2,1,1,4,2,8,,2,1,2,2,,,,1,,,,,,,,,,,,,,,,,,105,
8408,,1,,,,,,,,,,,,,,,,,,,1,,1,,,,,1,,,,,,,,,,,,,,,,,,1,,,,1,1,,,1,,,1,,,1,,,,,,2,1,,2,1,1,2,2,1,1,,,,,2,1,1,2,2,,,2,1,1,1,,1,,,,,,,1,,,,,,,,,,,,,,,,38,
8409,,,,,,,,,,,,,,,,,,,,,,,,1,,,,,,,,,,,1,1,,,,,,1,,,,1,,,,,1,1,,,2,,1,,1,1,,,1,,1,1,3,1,1,3,1,,2,2,1,,1,1,3,5,2,3,3,2,4,5,2,1,2,1,3,2,3,1,,1,,1,1,,,,,,,,,,,,,,,,76,
8410,,,,,,,,,,,,,,,,,,,,,,,,,,,,,1,,1,,,,,1,1,,,1,,,,,1,1,1,,,,,,1,1,,,,,,,,2,1,1,1,,,,2,1,,2,1,,1,2,3,1,3,1,1,,2,2,2,3,4,1,1,2,2,1,,1,,1,,,,,,,,,,,,,,,,,,,55,
8411,1,,1,,,,,,,,,,,,,,,,,,,,,,,,1,,1,,1,,,1,,,,,1,,,,,,,,,,,,1,,1,,,2,1,,1,,1,1,,3,2,2,1,,2,,1,2,4,2,3,2,1,3,1,,2,2,2,3,1,3,4,1,1,,,1,1,2,1,,,,,,,,,,,,,,,,,,,,68,
8412,1,,,,,,,,,,,,,,,,,,,1,,,,,,,,,,1,,1,,,,1,,,2,,3,,,1,1,,,,1,,1,,2,,1,1,,,,1,1,1,1,1,,1,1,1,,2,2,3,,1,,1,,1,2,,2,3,4,1,,1,1,2,,1,,,1,,,,,1,,,,,,,,,,,,,,,,,55,
8413,3,,,,,,,,,,,,,,,,,,,,,,,,,,,1,,1,,,,,,,1,1,1,,1,,1,1,1,3,3,2,,1,,,1,3,,1,2,,2,1,1,4,,1,1,2,2,1,1,4,4,3,2,3,2,1,3,2,3,3,4,3,3,3,4,2,1,4,2,2,5,2,1,1,2,2,1,1,,,,,1,,,,,,,,,,,,118,
8414,,,,,,,,,,,,,,,,,1,,,,,,,1,,,1,1,,,1,,,,1,,1,,,,,,,,,1,,,1,,1,1,,1,1,,2,3,2,1,,,1,1,,,3,3,4,1,2,1,2,4,7,1,1,2,5,2,2,4,4,2,2,5,3,3,1,1,,1,2,,1,1,1,,,,,,,,,,,,,,,,,,94,
8415,,,,,,,,,,,,,,,,,,,,,,,,,,,,,,,,,,,,,,,,,,,,,1,,,1,2,,,,1,,1,1,,1,,2,1,,,1,,,,1,3,,1,,1,,,,,,3,6,,2,3,2,,,1,5,3,2,2,2,,1,1,,,,,,,,,,,,,,,,,,,,51,
8416,6,,,,,,,,,2,,,,,,1,,1,,1,,1,1,,1,,,2,,1,,,2,3,,2,,1,1,1,,1,1,2,,5,3,1,,3,5,5,2,5,4,6,5,4,5,3,5,5,5,2,8,11,9,8,8,7,12,8,9,9,9,11,7,6,10,6,17,9,7,8,11,13,8,6,7,8,3,6,6,5,1,,5,1,3,3,,,,,1,,,,,,,,,,370,
8417,,,,,,,,,,,,,,,,,,,,,,,,,,,,,,,,1,,,,,,,,,,,,,1,,,,,1,,,,,1,,,,,,1,,,,,,,,,1,,,,,,1,1,1,1,2,,1,,,1,1,1,2,1,,,,,,,1,,1,,,1,,,,,,,,,,,,,,22,
8418,,,,,,,,,,,,,,,,,,,1,,,1,,,1,,,,,,,1,1,1,1,2,,1,1,1,,1,,,,,1,,2,1,,,,,1,1,,1,1,2,1,2,,1,2,3,3,4,2,4,2,,1,3,2,,4,1,,5,3,2,3,4,3,4,2,3,4,1,2,1,,2,,,,,,1,,,,,,,,,,,,,,,98,
8419,1,,,,,,,,,,,,,,,,,,,1,1,,,,,,,1,,,,,,,,,1,,,,,,1,,,1,,,,2,1,,,,,1,,2,1,,2,,1,,1,1,1,3,2,3,2,,1,,,3,1,1,2,,3,,,1,2,1,1,1,,1,,,3,,,,,,,,,,,,,,,,,,,,,,51,
8420,,,,,1,,,,,,,,,,,,,,,,,,,,,,,,1,,,,,,,,,,,,,,,,,,,1,,,,1,1,,,,2,1,2,,,1,,1,3,2,,,1,,,,1,3,1,,3,1,1,4,1,,2,3,2,1,2,,,1,1,,1,,3,1,,1,,,,,,1,,,,,,,,,,,52,
8421,2,,,,,,,,,,,,,,,,,,,,,1,,,,,2,1,,1,,,1,,,,,,,,,1,3,1,1,,1,,2,,1,3,,,1,1,2,1,1,2,2,1,2,4,,4,1,4,1,3,3,3,2,6,4,4,1,2,6,5,5,3,3,3,2,6,3,,3,2,2,1,1,2,3,2,,,1,,,,,,,1,,,,,,,,,130,
9101,40,3,1,3,1,3,1,1,,2,,,2,1,1,1,4,1,1,2,,3,3,2,,4,4,2,2,4,2,6,1,4,1,4,4,11,7,7,2,3,10,13,9,12,9,5,10,11,15,26,6,20,17,14,7,18,16,17,15,20,21,22,21,18,20,15,30,24,29,27,30,41,31,27,40,33,28,40,47,46,37,36,48,57,36,42,31,37,31,25,27,23,18,14,11,13,9,11,5,1,3,,,3,,,,,,,,,1522,
9102,3,1,,,,,,,,,,,,,,,1,1,,1,1,,,,,,,,,,1,,,,,,2,1,,,1,,,1,,1,,3,3,1,2,,2,2,1,2,1,,1,2,,5,1,2,2,3,6,2,2,8,3,4,5,3,6,5,3,3,4,7,6,4,3,4,5,6,6,1,3,4,3,8,2,1,2,1,3,,,,1,,,1,,,,,,,,,,,173,
9103,2,,,,,,,,,,,,,,,,,,,,,,,,,1,,,,,,,,,,,2,2,,1,,2,,1,2,1,,,,,2,,,1,2,2,1,,4,3,1,4,,3,3,3,3,3,4,1,3,5,3,2,2,6,2,2,2,3,4,2,2,9,6,6,,6,6,3,,1,1,1,4,,1,,1,1,,1,,,,,,,,,,,,,139,
9104,2,,,,,,,,,,,1,,,,,,,,,1,,,,,,,,,,,,,,,1,1,,,1,,,,,1,,,,,,1,,1,,,,,,,,,,2,1,,1,,1,1,,2,1,1,1,2,2,1,1,,1,2,,2,4,1,1,,1,1,1,,2,2,,,,,,,,,,,,,,,,,,,,,,45,
9105,3,,1,,,,,,,,,,,,,,,,,,,1,,2,,1,,1,,,1,2,2,1,,,,,,,1,,1,2,2,4,,,2,2,2,1,1,4,2,1,4,4,4,3,3,2,2,1,1,5,1,2,1,1,4,6,4,5,1,4,4,3,4,6,9,5,6,3,3,4,4,1,6,7,3,3,3,1,4,,1,1,,,1,,,,,,,,,,,,,,180,
9106,1,,,,,,,,,,,,,,1,,,,,1,1,,,1,,,1,,,,1,,1,1,,,,,,,,,,,,,1,1,,1,,,1,2,,,1,1,1,1,,2,,,1,2,,2,2,4,3,3,3,3,1,1,3,3,3,4,4,4,2,1,2,2,2,4,1,1,4,,2,2,1,,,,,,,,,,,,,,,,,,,,91,
9107,,,,,,,,,,,,,,,,,,,1,1,,,1,,,1,,,,1,,,1,,1,,,,,,1,,,,1,,1,,,1,,2,,,,1,1,3,2,1,,4,,1,1,3,1,1,1,4,4,3,3,1,2,6,5,2,5,4,4,2,3,4,7,1,2,2,3,2,7,2,5,4,2,2,4,1,,,,,,,,,,,,,,,,,129,
9108,6,,,,,,,,,,,,,1,,1,,,1,,,2,,2,1,,1,,3,,,2,2,,1,,2,2,,1,,,,,1,3,1,,1,,3,,1,1,,1,4,4,2,3,2,2,5,2,3,2,4,2,1,9,4,12,7,7,2,4,6,7,3,15,9,7,10,11,8,4,5,8,11,10,4,4,4,1,2,2,,,1,,,,,,1,,,,,,,,,,254,
9109,2,1,,,,,,,1,,,,,,,,,1,,,,,,,1,,,1,1,1,1,,,1,1,,,2,2,1,,1,1,,,1,,1,,2,,1,1,2,4,1,,1,3,2,1,3,4,6,3,1,1,,7,4,5,5,7,5,1,1,3,6,7,2,4,4,6,5,4,4,5,1,4,2,3,2,2,3,5,2,,1,,,,1,,,,,,,,,,,,,168,
9110,,,,,,,,,,,,,,,,,,1,,1,,,,,,,,,,,,,,,,,,,,,,1,,1,,1,2,,,,,1,,,1,,,,,,,,2,1,1,1,,,1,1,1,,,,1,1,4,1,,,1,,,,,1,1,1,2,2,1,1,1,,,,,,,,,,,,,,,,,1,,,,,36,
9111,2,,,,,1,,1,,,,,,1,,,,2,1,,,1,,3,,1,1,,,1,,1,,1,1,,1,2,1,2,,4,1,4,1,1,2,,,3,1,4,2,3,1,1,1,5,,5,1,2,1,3,7,1,2,6,2,2,8,2,6,4,6,5,1,3,9,7,10,8,7,7,10,6,4,8,4,9,6,2,6,2,3,1,2,,1,,1,,1,,,,,,,,,,,,239,
9112,10,1,1,,,,,1,,,,,,,,1,,,1,2,,1,2,1,1,,,,,,,1,1,1,1,,1,1,,1,5,2,5,1,2,2,,3,4,1,6,3,4,3,6,3,4,4,4,7,4,5,3,7,8,7,9,4,6,8,4,5,12,6,5,12,10,8,8,11,7,10,7,8,10,9,10,6,6,11,2,10,8,2,2,4,2,1,2,,,,,1,2,,,,,,,,,,360,
9113,,,,,,,,,,,,,,,,,,,,,1,,,,,,,1,,1,,,,,,,,,,,,,,2,,1,,,1,1,,,1,2,,1,1,,2,,,1,1,1,1,1,,1,1,,1,,,2,1,2,1,1,1,,1,1,3,1,2,4,,2,4,,1,1,,1,,,3,,,,,,,,,,,,,,,,,,55,
9114,4,,,,1,,,,,,,,,,,,1,,,2,,,1,,,1,,,,1,,,3,,,,1,1,1,,,1,,1,1,2,1,2,,1,,,,,,2,4,1,4,5,8,2,3,1,4,5,8,1,4,4,2,7,7,4,10,7,5,4,2,5,7,6,9,4,5,7,6,2,2,5,5,4,2,2,3,2,1,2,1,,,1,1,,,,,,,,,,,,212,
9115,4,,,,,,1,,,,,,,,,,,,,,,,1,,,1,1,,,,,,1,1,,,2,,,,,,,2,1,,1,1,2,,1,,,,2,,,1,,1,,1,2,1,1,5,1,,4,,3,2,1,1,2,,3,4,1,3,,2,2,3,2,3,4,1,3,1,7,1,2,2,2,1,1,1,,,,,,,,,,,,,,,,,97,
9116,4,1,,,,1,,,,,,,,,,,1,,,,,,,1,2,,,1,,,1,,1,,1,,,,,,1,,,2,1,1,3,,,1,1,,,1,2,3,,,1,3,1,1,1,1,6,1,3,1,2,1,,4,4,5,4,2,2,1,2,2,5,1,2,5,3,5,1,4,3,2,3,2,5,,2,,1,,,,,,,,,,,,,,,,,,122,
9117,1,,,,,,,,,,,,,,,,,,,,,,1,,,,,,,1,,1,1,,,,,1,1,,,,2,,,1,,,,,1,,5,,1,,,,2,1,4,5,2,1,3,1,1,2,1,2,,1,2,2,3,3,1,3,3,3,4,1,5,1,3,3,3,3,5,2,4,3,2,2,1,1,,1,1,,1,,1,,,,,,,,,,,,110,
9118,2,,,,,,,,,,1,,,,,,,,,,1,,,,,1,,1,,,,,,,,,,,,1,,,,,,,,1,,1,,1,1,1,,,1,1,2,1,1,2,1,1,2,,1,2,2,3,2,4,1,1,1,3,1,3,,,3,2,2,1,1,2,,1,1,4,,,,,2,1,,,,,,,,1,,,,,,,,,,,69,
9119,4,,,,,,,,,,,,,,1,1,,1,,1,,2,,,,1,,,1,1,1,,,,1,,,1,2,,,,1,,1,,2,1,,,1,1,2,1,2,3,1,,1,1,,1,1,,5,3,4,6,6,1,4,3,2,2,6,6,2,4,5,2,6,8,6,9,2,2,2,2,,4,2,2,2,2,2,2,,,1,,,,,,,,,,,,,,,,153,
9120,3,,1,,,,,1,1,2,,,,,1,,,1,,,1,1,1,,,,,,1,,1,,1,2,,,,1,,,3,2,1,1,5,,4,3,2,3,3,2,2,4,6,2,7,4,2,2,4,6,4,4,1,4,3,2,7,3,4,4,9,3,9,9,6,2,4,5,8,5,5,9,7,6,7,5,4,2,7,6,5,4,5,5,2,3,,1,3,,,,,,,,,,,,,,269,
9121,1,,,,,,,1,,,,,,,,,,,,1,,,,,,,2,,1,,,,,,2,1,1,,,2,,,,,,,,1,1,1,,1,,2,1,,,,1,1,,,1,,1,3,,4,1,,1,1,2,3,6,4,1,1,1,3,4,3,2,1,3,4,1,,4,,3,1,1,1,4,,,,1,,,,,,,,,,,,,,,,87,
9201,6,,,,,,,,1,,,,,,1,,,,1,,1,2,2,,1,1,1,1,,,,,2,,,,,1,1,,1,,2,2,1,3,1,3,,1,1,1,2,2,2,4,2,4,4,4,7,7,4,6,2,8,2,5,4,5,6,8,5,9,11,6,9,7,8,12,13,9,16,7,9,10,6,6,7,3,6,7,4,4,3,2,5,1,1,,,,,1,,,,,,,,1,,,314,
9202,1,,1,,,,,,,,,,,,1,,,,,,,1,,,,,1,,,1,,3,,,,2,,,1,1,,,,,1,3,3,,4,2,1,2,,1,,3,1,1,3,3,5,3,3,2,4,3,5,2,1,3,2,5,1,6,3,3,2,5,8,4,6,4,6,1,2,3,2,7,6,4,2,2,,1,1,1,1,1,,,1,,,,,,,,,,,,,,162,
9203,2,,,,,,,,,,,,,,,,,,,,,,,,,1,,1,1,,,,1,1,,,1,,,,1,1,1,,1,1,,,2,,1,,1,,4,1,,1,,2,2,,2,4,1,4,2,3,1,1,1,2,3,4,2,3,3,2,3,,6,2,4,4,2,2,4,1,2,6,4,4,,,,2,,1,1,1,,,,1,1,,,,,,,,,,116,
9204,1,,,,,,,,,,,,,,,,,,,1,,,,1,,,,,,,,,,,,,,1,2,,,1,,,,1,,,,,1,,,,1,1,,,2,,,,1,,2,1,2,2,1,3,,3,,2,,1,1,1,2,1,2,,1,,2,1,1,3,2,4,1,,1,2,2,,1,,,,,,,,1,,,,,,,,,,60,
9205,4,,,,,,,,,,,,,,,,,,,,,,1,,,,1,,1,,,,,,1,,1,,,,,,1,,,,,,,,,,1,,,,,4,2,1,1,2,1,,,1,2,,,1,1,1,1,1,2,2,2,3,1,,2,1,,,2,3,,2,,2,1,3,1,,,,,1,,,,,,,,,,,,,,,,,58,
9206,,,,,,,,,,,,,,1,,,,,,,,,,,,,,,,1,,,,,,,,1,,,,1,,,,,,,,,,,,,,1,1,1,1,,2,2,,2,,2,2,1,2,1,1,2,1,2,3,1,1,2,2,2,2,,1,1,2,2,1,,,,4,,1,1,3,,,,,,,,,,,,,,,,,,,,57,
9207,,,,,,,,,,,,,,,,,,,,,,,,,,2,,,,,,1,,1,,,,,,1,,,1,,,1,,2,,1,2,,,,,2,1,3,1,,3,1,,,2,4,2,3,,1,5,,1,1,,2,,1,2,,2,1,2,1,1,1,1,,,,1,1,1,1,1,,,,,,,,,,,,,,,,,,,,61,
9208,1,,,,,,,,,,,,,,,,,,1,,1,,,1,,,,,,,1,,,,,,,1,,1,,,1,,,,1,1,,2,,,1,,,1,1,1,1,,,,,1,,,1,2,3,3,4,,5,3,1,5,1,1,6,2,2,2,2,1,2,2,6,2,3,,4,,2,,,1,,1,1,2,1,,,,,,,,,,,,,,89,
9209,1,,,,,,,,,,,,,,,,,,,,,,,,,,,,,1,,,,,1,,1,,,1,,1,,1,1,1,,,,1,,1,,1,1,1,1,1,,1,,1,1,1,2,1,1,1,,,1,2,1,,2,1,,4,,1,2,,2,4,1,1,1,3,,2,1,,1,1,1,,1,1,,,,,,,,,,,,,,,,,59,
9210,4,,,,,,,,,,,,,,,,,1,,,,1,,,1,,,,1,1,,,,,1,,,1,,,1,1,1,,,,1,,,,1,4,,2,1,1,2,3,1,,1,2,2,3,1,4,4,1,1,1,2,2,5,5,4,7,7,6,9,3,3,4,8,12,2,7,6,7,7,5,7,6,1,2,3,3,2,,1,,,,,1,,,,,,,,,,,187,
9211,2,,,,,1,,,,,,,,,,,,1,,,,1,,,,,1,,,,1,,,,,,,,1,1,,,,,1,1,1,1,1,3,1,1,1,3,,4,1,4,4,1,7,5,,5,6,5,,2,4,6,5,6,4,7,2,4,5,5,7,8,7,5,5,8,8,3,2,3,3,2,4,4,,2,1,2,,2,1,3,,1,1,,1,,,,,,,,,,198,
10101,34,,1,1,2,1,2,,,1,1,,2,1,2,1,3,1,1,3,7,5,4,4,4,5,3,2,3,3,4,3,3,1,1,4,7,5,2,6,5,6,2,6,10,6,5,6,16,8,15,8,15,11,12,14,13,19,10,13,13,21,16,22,19,17,17,20,20,16,26,22,24,22,22,23,26,24,24,37,29,29,25,29,24,25,26,16,16,20,17,16,13,8,6,8,3,3,2,4,3,1,,1,,,1,,,,,,,,1089,
10102,3,,,,,,,,,,,,,,,1,,,,1,,1,,2,,,1,1,1,1,,,,1,1,,,2,2,,1,1,1,,2,3,2,1,1,1,,1,2,,2,1,1,1,,3,3,3,,2,4,3,3,7,4,2,7,7,1,,8,2,6,5,8,5,4,4,12,4,4,2,17,4,7,2,5,3,6,1,1,,2,1,,,1,,,1,,,,,,,,,,,203,
10103,,,,,,,,,,,,,,,,,,,,,,,,,,,,,,1,,,,1,,,1,,,,,,,,,,,,,,,,,,1,,1,,,,,,1,,1,,,,1,,,,1,,,,,2,4,,1,1,,1,1,,1,1,1,1,,,1,,,,1,,,1,,,,1,,,,,,,,,,,27,
10104,2,,,,,,,,,,1,,,,,,,,,,,,1,,,,,1,,,,1,,,,,1,1,2,2,,1,,1,,,1,1,,,1,3,1,1,2,,3,,1,,1,1,1,1,1,,,1,3,4,2,2,3,4,1,1,1,3,4,,3,5,2,6,2,2,3,3,1,1,2,2,1,1,3,1,2,,1,,1,,,,,,,,,,,,,,104,
10105,5,1,,,,,,,,,,,1,,,,,,,1,,,,,,,,,,,,,,,1,,,,,1,,,2,,2,1,,1,,1,,,1,1,2,2,2,1,1,2,1,2,2,,2,2,2,3,2,2,4,2,1,2,3,3,2,2,2,3,4,2,2,7,5,4,4,3,3,1,2,1,1,,1,,1,,,1,,1,,,,,,,,,,,,,114,
10106,1,,,,,,,,,,,,,,,1,,,,1,,,,,,,,,,,,,,,,,,1,1,,,1,1,,1,1,,,,2,,,2,2,1,,,1,1,1,2,,1,1,1,1,2,,2,4,4,3,1,2,2,2,3,3,4,2,4,4,4,3,2,3,3,1,5,3,2,2,2,1,1,,2,2,1,,1,,,,,,,,,,,,,,105,
10107,3,,,,1,,,,1,,,,,,,,,,,,,,,,,,,,1,,1,,,,,,1,,1,1,1,2,,,1,1,,,,,1,,,1,,4,,1,1,1,1,1,1,2,2,4,1,2,1,,,3,1,,1,1,,1,2,5,1,5,4,6,4,3,1,4,2,2,,2,,1,1,1,,1,1,1,,,,,,,,,,,,,,,93,
10108,,1,,,,,,,,,,,,,,,,2,1,,,,,,,,1,,,,,,1,,,,1,,,1,,1,,1,,1,3,,,1,1,1,2,1,1,,,2,2,,2,2,3,1,1,3,5,4,6,3,2,3,2,6,5,3,4,3,4,2,2,5,3,4,2,2,3,3,3,1,4,3,2,2,3,,,,1,,,,,,,,,,,,,,,,132,
10109,3,1,1,,,,,2,,,,,,1,,,,,,1,,1,,1,,,,1,2,,,,,,,,,1,,1,,3,2,5,2,,1,1,2,,6,2,1,3,2,2,2,,4,4,1,4,2,1,1,2,2,4,2,9,4,4,6,7,5,6,6,3,5,1,3,2,4,6,4,6,7,3,4,3,5,2,5,2,2,3,,,,1,1,,,,,,,,,,,,,,196,
10201,4,2,,,,,,,,,,,,,,,1,1,2,,2,,,,,,2,1,,1,,2,1,,,1,2,4,1,1,2,1,3,1,1,4,5,1,2,3,1,4,4,3,2,4,1,2,2,6,4,3,4,5,6,3,6,3,4,5,5,7,7,11,5,3,8,5,6,7,7,1,7,12,8,5,4,7,6,4,3,2,8,3,3,1,1,2,1,1,,1,,1,,,,,,,,,,,275,
10202,6,,,,,,,,,,,,,,,,,1,,,,1,,1,2,,,1,1,1,2,1,2,1,1,,,,,1,,,2,,1,1,2,1,1,2,1,3,3,2,,4,1,7,,2,4,4,5,4,5,7,2,3,3,5,11,9,3,6,6,2,7,3,4,9,7,7,5,5,7,6,9,4,4,5,3,4,5,4,2,,2,1,2,1,2,,,1,,,,,,,,,,,243,
10203,2,,,,,,,,,1,1,,,,,,,,,,1,,,1,,,,,,,,,1,,,1,,2,,,1,1,,1,,,1,,,1,1,,2,1,1,,,,,,,1,1,1,1,2,,1,2,1,1,2,4,2,2,,2,,,,3,3,,2,1,2,1,,2,1,2,,4,,2,,,1,,,,,,,,,,,1,,,,,,68,
10204,,,,,,,,,,,,,,,,,,,,,,,,,,,,,,,,,,,,,,,,,,,,,,,,,1,,,,1,,,,,1,,,,2,,,,,,,,,,1,,,,3,1,1,,1,,3,1,1,1,1,,1,2,2,,1,,1,,2,,,,,,,,,,,,,,,,,,,28,
10205,,,,,,,,,,,1,,,1,,,,1,1,,,,,,,,,,,,,,,,,2,,1,,1,,1,,2,2,,,,1,,,,1,1,,,1,,,,,,1,,1,,2,3,2,1,1,,,1,,,1,3,,1,2,2,3,,1,2,2,2,6,1,3,3,1,2,1,,,,,,,,,,,,,,,,,,,,65,
10206,,,,,,,,,,,,,,,,,,,,,,,,,,,,,,,,,,1,,,,,,,,,,,,,1,2,,,1,,,,,,1,,,,1,,,,,,1,2,,,,,,1,1,,1,1,2,,2,,1,3,1,,1,,,,,,,,,,,1,,,,,,1,,,,,,,,,,,26,
10207,,,,,,,,,,,,,,,,,,,,,,,,,,,,,,,,,,,,,,,,,,,,1,,,,1,,1,,,,,,1,2,,,1,1,,,,,1,,,1,2,,1,1,2,,,,,,,,,2,,1,1,1,1,1,1,3,1,1,1,,2,,,1,,,,,,,,,,,,,,,,33,
10208,3,1,1,,,,,,,,,,,,,1,,2,1,1,,1,2,,,,1,2,1,,,2,,,1,,1,1,,1,,1,,1,1,2,,1,1,2,,,,,1,3,1,1,5,1,1,,1,2,1,1,,5,2,1,1,1,1,,,1,2,1,2,2,1,1,2,1,2,1,,2,4,1,2,,2,,2,,1,,,1,,,,,,,,,,,,,,,92,
10209,,,,,,,,,1,,,,,,,,,,,1,,1,1,,,,,,,1,,,,,,,,,1,,,,,,1,,,,,,1,1,1,,,,,1,,2,1,,,,,,,1,,1,2,,,,3,2,2,4,,1,1,4,2,2,3,2,,4,,1,2,2,1,4,,1,1,,,1,,,,,,,,,,,,,,,61,
10210,2,,,,,,,,,,,,,,,,,,1,,,,1,,1,,,,,,,2,,1,,,,,,1,,,1,,2,1,1,,2,2,1,2,2,,,,1,,,,,1,1,,2,,2,2,1,1,,,1,1,2,1,3,,1,,1,1,,2,,2,4,1,2,2,3,2,2,,,1,,2,1,,1,,,,,,,,,,,,,,70,
10301,22,2,,,,,,1,1,1,,,1,3,,1,3,1,3,,3,3,5,2,3,5,2,,2,6,,5,1,2,1,2,4,6,2,4,5,4,9,11,6,7,6,7,8,7,6,11,7,13,10,10,13,12,11,14,8,9,14,22,20,21,14,13,17,31,14,25,24,26,22,26,26,22,32,38,22,28,34,27,25,29,22,23,23,19,19,15,17,10,15,5,9,4,3,4,2,1,1,,,,1,1,,,,,,,1057,
10302,1,,,,,,,,,,,,,,1,,,,,1,,,,,,,,,1,,,,,,,,,,2,1,,,,,,,,,,,,,,,1,1,,,1,,,,,,2,,2,3,1,,,,4,,1,4,1,1,1,1,1,3,3,2,,2,1,,,2,,,2,,1,,,,,2,,1,,,,,,,,,,,,,51,
10303,2,,1,,,,,,,,,,,,,,,2,,,,,,,,,,,1,,,,,,,,1,,,,,,1,2,2,2,1,2,1,2,2,1,3,3,1,3,2,2,2,1,1,,1,2,4,1,6,2,6,5,4,6,3,,2,1,6,3,4,4,4,1,7,9,4,6,6,8,3,2,1,4,3,,1,3,,2,1,,,,,,1,,,,,,,,1,,168,
10304,1,,1,,,,1,,,,,,,,,1,,,,,,,,,,,,,,1,,,,,,1,,1,,,1,1,2,,,,1,,1,1,,1,1,1,,,,,,,3,,1,2,2,1,1,1,,2,1,1,4,2,1,2,2,4,1,4,2,3,3,2,1,1,1,,2,1,,1,1,,2,,1,,,,,,,,,,,,,,,,,,73,
10305,,,,,,,,,1,,,,,,,,1,,,,,1,,,,,,1,,1,,,1,,,,,,,,,,,2,,,1,,,2,,1,2,1,1,,1,,2,1,2,,,1,5,4,1,2,2,4,2,1,6,1,2,1,2,1,2,4,7,2,2,3,4,,2,2,3,,2,3,,,3,,1,,1,,1,1,1,,,,,,,,,,,,101,
10306,1,,,,,,,,,,,,,,1,,,,,,,2,,,,,,,,,1,,,,,,1,,1,,1,,,1,,,,,,,,1,1,2,1,,1,2,,,2,,1,2,,,3,2,1,,2,,1,,2,1,2,1,,2,1,,3,1,3,,2,3,1,2,4,,1,,1,,,2,,,,,,,,,,,,,,,,,63,
10307,1,,,,,,,,,,,,,,,,,,,,,1,,,1,,,,,,,,,,,,,,,,,,,2,,,,1,,1,1,1,,1,,1,,,,,2,2,,,2,3,2,3,1,1,1,1,4,1,2,1,,1,1,1,2,2,2,1,6,4,1,,1,2,1,3,3,,,2,,,,,2,,,,,,,,,,,,,,72,
10401,2,,,,,,,,,,,,,,1,,,,,,,,,,,,,,,,,,,,1,,,1,,1,,,,,,,,,,,2,,,1,,1,,,,,,,1,2,1,,1,,,,,,1,,,1,,,,1,,,1,,1,,,,,,,,,1,,,,,,,,,,,,,,,,,,,,,21,
10402,1,,,,,,,,,,1,,,,,,,,,,,,,,,,,,,,,,,,,,,,,,,,,1,,,,,1,,,,,,,,,,,,,,,,,,,,,1,,,,,,,,,,,,,,,,1,,,,,,,,,,,,,,,,,,,,,,,,,,,,,6,
10403,,,1,,,,,,,,,,,,,,,,,,,1,,,,,,,,,,,1,,,,1,,,,,,,1,,1,,,,,,1,1,,,,1,,,1,,,,,,,2,1,3,1,2,2,,1,1,2,,,1,1,,2,1,,,1,1,,1,2,1,,,,1,1,,,,,,,,,,,,,,,,,,,38,
10404,,,,,,,,,,,,,,,,,,,,,1,,,,,,,,,,,,,,,,,,,,,,,,,,,,,,,,,,,,,,,,,,,,,,,,1,2,1,,,1,1,,1,,1,,,,2,,2,,,,1,,,,1,,,,,2,,,,,,,,,,,,,,,,,17,
11101,3,1,,,2,,,1,,,1,,,,,1,2,,,2,5,1,,1,,,,,2,1,,1,1,2,1,1,3,1,,1,2,4,1,6,1,4,1,8,3,5,2,1,1,4,2,5,4,4,4,3,4,3,3,6,4,9,4,5,2,6,5,6,5,2,8,5,8,8,7,6,3,4,4,9,7,8,4,3,6,7,3,5,3,6,1,3,2,1,1,,1,,,,,,,,,,,,,,286,
11102,,,,,,,,,,,,,,,,,,,,,,,,,,,,,,,,,,1,,,,,,,,,,,,,,,,,,,,,,,,,1,,,,,,,,,1,1,,,,,,1,,,1,,,,1,,,,,,,,,,1,,,,,,,,,,,,,,,,,,,,,,,8,
11201,5,,,,,,,,,,,,,1,,,,1,,,,1,2,,1,2,1,,1,1,,1,1,1,1,1,2,3,,,2,,1,1,1,3,2,2,1,1,1,1,2,1,,3,,1,1,1,3,3,3,5,3,2,7,2,5,7,6,6,6,5,6,5,3,4,6,5,3,2,2,6,5,4,4,8,4,3,1,3,1,3,,2,3,,,,,,,,,,,,,,,,,,197,
11202,2,,,,,,,,,,,,,,,,,,,,,,,,,,,,1,,,1,,,,,,,,,,,,,,,,1,1,,,,,,,,,,,,,1,,1,,1,,,,,,,,1,,,,,,,,,1,1,,1,,1,1,2,,,,1,,,,,,,,,,,,,,,,,,,,,18,
11203,,,,,,,,,,,,,,,,,,,,,,,,,,,,,,,,,,,,,,,,,,,,,,,,,,,,,,,,,,,1,,,,,1,,,,,,,,,,,,,,1,,,,,,,1,,,,,,,,,,,,,,,,,,,,,,,,,,,,,,4,
11301,1,,,,,,,,,,,,,,,,,,,,,,,,,,,,,,,,,,,,,,,,,,,,,,,,,,,,,,,1,,,,,,,,,,1,,,,1,,,,,1,,,,2,1,2,1,,1,,,,,,,,,1,,,1,,,,,,,,,,,,,,,,,,,14,
11302,,,,,,,,,,,,,,,,,,,,,,,,,,,,,,,,,,,,,,,,,,,,,,,,,,,,,,,,,,,,,,,,,,,,1,,,,,,,,,,,,,,,,,,,,,,,1,,,,,,,,,,,,,,,,,,,,,,,,2,
11303,,,,,,,,,,,,,,,,,,,,,,,,,,,,,,,,,,,,,,,,,,,,,,,,,,,,,,,,,,,,,,,,,,,,,,,,,,,,,,,,,,,,1,,,,,,,,,1,1,,,,,,,,,,,,,,,,,,,,,3,
11401,,,,,,,,,,,,,,,,,,,,,,,,,,,,,,1,,,,1,,,,,,1,,1,,,,,,,,,,1,1,,,,,,1,,1,,,,,1,,1,1,1,1,1,1,1,,1,1,1,,,1,,1,3,,,1,,,,1,,,,,,1,,,,,,,,,,,,,,,,,,27,
11402,,,,,,,,,,,,,,,,,,,1,,,,,,,,,,,,,,,,,,,,,,,,,,,,1,,,,,,,,,,,,1,,,,,,,,1,,1,,,,,,,1,,1,,1,1,,,,1,2,2,,1,,,,,,,,,,,,,,,,,,,,,,,,,,15,
12101,19,3,,,,,1,,,,1,,1,1,1,,1,,2,1,4,5,2,,3,2,1,1,1,1,1,3,2,5,2,4,2,1,3,4,2,1,6,1,,2,8,6,8,6,4,6,5,10,10,10,11,6,15,11,4,18,21,13,8,12,11,10,12,18,23,13,17,26,23,12,20,21,20,19,23,17,17,26,12,27,21,14,11,18,12,12,7,7,9,10,7,7,5,1,1,1,2,2,,,,,,,,,,,796,
12103,,,,,,,,,,,,,,,,,,,,,,,,,,,,,,,,,,,,,,,,,,,,,,,,,,,,,,,,,1,,,,,,,,,,,,,,,,,,,,,,,,,,,,,,,,,,,,,,,,,,,,,,,,,,,,,,,,,,1,
12104,,,,,,,,,,,,,,,,,,,,,,,,,,,,,,,,,,,,,,,,,,,,,,,,,,,,,,,,,,,,,,,,,,,,,,,,,,,,,,,,,1,,,,,,,,,,,,,,,,,,,,,,,,,,,,,,,,,,1,
12201,,,,,,,,,,,,,,,,,,,,,,,,,,,,,,,,,,,,,,,,,,,,,,,,,,,,,,,,,,,,,,,1,,,,,,,,,1,,,,,,,,,,,,,,,,,,,,,,,,,,,,,,,,,,,,,,,,,,,2,
12202,,,,,,,,,,,,,,,,,,,,,,,,,,,,,,,,,,,,,,,1,,,,,,,,,,,,,,,,,,,,,,,,,,,,,,,,,,,,,,,,,,,,,,,,,,,,,,,,,,,,,,,,,,,,,,,,,,,,1,
12301,,,,,,,,,,,,,,,,,,1,,,,,,,,,,,,,,,,,,,,,,,,,1,,,,,,,1,,,1,1,,1,,,1,2,1,,,,,,2,,3,,,,2,,2,1,,,1,2,1,2,1,,1,,,1,2,2,,,,,,2,,,,,,,,,,,,,,,,,,,35,
12302,,,,,,,,,,,,,,,,,,,,,,,,,,,,,,,,,,,,,,,,,,,,,,,,,,,,,,,,,,,,,,,,,,,,,,,,,,,,,,,,1,,,,,,,,,,,,,,,,,,,,,,,,,,,,,,,,,,,1,
12401,3,,,,,,,,,,,,,,,,,,2,1,,,,,,,,,,,1,2,1,1,,,1,,1,,1,,1,1,,3,1,,1,2,,2,,2,2,6,,,2,,1,1,3,4,2,5,4,3,6,3,2,2,3,2,3,3,3,,5,5,4,3,4,4,2,2,5,1,,2,1,2,1,2,1,2,,1,1,1,,,,,1,,,,,,,,,,137,
12402,,,,,,,,,,,,,,,,,,,,,1,,,,,,,,,,1,,,,,,,,,,,,,,,,,,,,,,,,,,,,,,,1,,,,,,,,,,,,,,,,,,,,,,,,,,,,,,,,,,,,,,,,,,,,,,,,,,,,,3,
13101,32,1,,,3,,,,1,,3,2,,,,2,1,3,2,2,4,2,4,2,4,1,1,4,8,4,2,3,5,7,4,4,4,9,7,2,5,5,6,12,3,15,8,11,7,13,6,14,14,9,9,12,7,16,12,18,17,20,26,23,24,17,24,30,24,31,30,27,26,35,23,15,36,35,41,39,46,51,57,47,42,39,35,27,49,26,29,30,24,24,28,22,15,11,11,8,6,3,3,1,,,,,,,,,,,1512,
13102,8,,,,,,,,,1,,,,,,2,,2,,1,,1,1,,,,,2,,1,1,3,1,1,2,1,,,,2,1,,4,4,3,2,4,3,3,4,2,4,2,5,1,2,4,4,3,6,10,9,9,3,5,8,7,6,11,12,4,11,10,9,5,10,7,10,9,10,20,14,16,15,18,12,16,11,4,4,7,8,3,4,5,1,2,3,,1,1,,,,,,,,,,,,,,421,
13103,14,2,,,,1,,1,,,1,,,,,2,4,1,1,1,1,4,1,2,1,1,,,2,3,3,4,3,5,3,5,1,3,5,6,4,5,3,5,5,6,5,9,5,6,2,10,6,5,5,8,9,11,12,14,17,19,24,18,18,21,16,18,21,19,24,17,20,23,22,27,29,24,23,16,18,26,19,28,15,23,18,14,19,14,8,13,10,8,8,7,4,2,,1,2,,1,,,,1,,,,,,,,891,
13104,15,2,,,,,,1,,,,1,,,,1,2,,2,1,1,2,2,3,1,2,,1,1,,,1,1,,1,1,2,3,3,5,7,3,2,2,5,5,5,7,6,5,6,8,8,8,8,14,12,11,11,10,14,6,10,13,17,14,8,20,19,21,14,25,13,15,31,22,20,24,28,39,37,23,25,31,25,20,20,23,24,20,17,6,13,7,9,5,9,3,4,2,,,1,,,,,,,,,,,,895,
13105,23,,,,,1,1,,,1,,,1,,2,1,1,,4,1,1,4,2,1,5,1,3,2,4,4,3,2,3,1,1,1,3,5,4,6,2,2,10,2,4,5,5,5,10,11,5,10,7,8,7,12,10,10,15,12,12,22,15,11,15,16,17,18,11,22,20,28,23,15,27,23,28,21,40,24,24,22,33,25,26,26,19,24,11,15,20,15,10,13,9,7,3,4,5,1,2,1,,,,,,,,,,,,,967,
13106,18,,1,,,1,,,,,1,,,,,,,1,1,1,1,,1,4,5,3,2,1,5,1,3,2,1,1,2,2,2,1,4,3,5,4,3,2,6,3,9,5,8,9,7,5,2,5,4,8,5,11,14,14,10,12,8,12,9,16,14,15,14,17,16,21,20,24,9,12,15,20,19,24,29,28,30,32,29,17,30,21,31,19,12,18,17,8,7,10,11,4,9,5,1,2,,,,,,,,,,,,,874,
13107,15,1,1,,1,,,,,1,1,,,,,,,,1,1,1,,,,1,,2,1,,1,2,1,1,1,2,3,1,5,3,5,2,1,6,1,2,2,1,5,,3,4,8,5,4,3,6,3,7,5,6,4,5,5,9,13,10,12,9,7,13,11,10,12,11,4,12,12,14,10,6,5,9,11,14,12,8,11,10,4,,5,1,2,5,3,3,1,1,,1,,,,,1,,,,,,,,,,422,
13108,13,,,,,,,,,,1,,1,1,,1,,1,,,1,,2,,1,3,1,1,2,1,,3,,1,,,1,3,2,3,3,1,,,2,8,6,2,4,3,3,6,3,9,3,8,8,7,9,6,6,9,11,11,11,13,10,17,12,17,21,17,18,11,16,15,20,24,27,23,29,27,25,20,28,33,21,22,19,23,26,21,23,23,23,17,11,9,8,7,4,2,3,,,,,,,,,,,,867,
13109,4,1,2,,,,1,,,,,,,,2,2,1,1,,,,,,1,1,1,2,,,,,,,,1,1,,2,1,3,3,2,1,,1,3,1,2,5,4,5,4,5,9,7,5,2,6,11,8,7,10,4,16,7,11,6,10,14,11,9,14,10,13,14,12,16,15,21,25,29,23,18,29,19,22,17,20,17,18,13,17,16,14,20,9,6,5,5,3,2,3,,,1,,,,,,,,,,682,
13110,35,4,2,2,,1,1,2,,,1,1,,2,4,2,3,1,6,1,4,3,2,10,5,2,3,10,5,4,4,4,1,3,4,4,6,8,7,2,6,2,7,11,2,12,11,12,12,13,12,17,10,22,16,22,24,16,20,24,25,25,26,35,38,33,35,34,43,26,48,47,44,32,39,39,53,44,41,44,59,54,50,49,44,48,53,44,39,36,36,34,33,23,20,17,10,11,8,7,4,2,3,3,1,,,,,,,,,,1869,
13111,21,3,1,,,,,,,,,,,1,1,1,2,1,1,1,,,1,2,2,1,2,5,3,2,1,3,,,,,1,1,2,2,4,3,7,4,4,5,3,6,9,6,7,7,6,13,10,11,11,7,12,15,12,10,7,17,21,16,13,11,18,12,10,12,4,14,15,19,20,15,15,17,24,28,18,31,20,17,20,14,22,12,17,8,10,10,7,6,4,3,1,1,,2,,,,,,,,,,,,,764,
13112,25,3,,,,,1,1,1,,,1,,1,3,,1,1,2,6,2,4,3,1,3,3,1,3,6,5,4,2,3,4,4,6,5,8,4,2,3,7,5,8,7,4,6,6,15,11,10,8,7,15,20,18,13,21,16,16,6,23,17,15,22,21,18,19,19,22,23,17,24,21,13,15,22,16,18,24,23,21,12,16,13,9,20,13,10,11,4,4,6,8,4,2,3,2,1,2,,,,,,1,,,,,,,,,895,
13113,7,,,,,,,,1,1,,,,,,,,1,2,1,2,1,2,2,3,,1,,3,1,,,,,,2,2,,,1,,,,2,1,,1,,1,,2,2,1,4,3,1,2,2,3,6,1,5,2,7,5,6,5,6,8,8,16,10,11,14,13,9,14,12,14,19,21,16,26,22,20,28,19,15,17,22,20,10,9,12,18,11,11,6,2,2,4,1,,,,,,1,,,,,,,562,
13114,22,,,2,,,,,1,1,,,,1,,,,2,,2,2,2,,,2,,2,,3,,1,2,4,1,5,,3,2,1,3,3,4,1,3,6,5,5,4,7,8,6,8,9,7,9,8,12,12,7,15,15,17,11,21,18,20,20,14,14,31,23,21,21,26,25,33,39,39,31,26,56,42,59,61,57,61,59,52,53,45,59,44,50,40,41,35,37,23,23,21,12,9,4,2,2,,,,,,,,,,1615,
13115,8,,,,,,,1,,,,1,1,,1,,,,,1,1,1,1,,1,1,,2,,1,1,,,1,1,,1,,1,,2,1,,1,2,,1,,2,1,,2,1,5,2,4,6,3,,3,3,2,2,5,5,6,6,4,1,7,7,5,6,4,8,3,7,7,9,7,9,7,5,10,7,13,10,8,6,9,10,9,1,2,2,5,,6,1,1,1,1,1,1,,,,,,,,,,,291,
13116,18,1,,,2,,1,,1,,,,,,,,1,,,2,,2,1,,2,2,2,3,1,2,1,1,2,,3,2,,2,3,3,3,3,4,6,5,3,8,6,7,3,9,4,11,6,9,18,8,6,11,8,12,11,10,8,9,12,10,16,14,16,16,19,16,18,15,19,13,26,31,27,26,26,25,31,16,22,19,19,14,10,8,8,7,11,8,1,,2,1,,,1,,,1,,1,,,,,,,,771,
13117,11,,,,,,,1,,,,,,4,,,,1,3,1,1,,1,2,,1,,2,2,3,,2,1,1,,3,4,4,3,3,2,5,2,1,4,3,5,3,6,5,5,6,8,5,2,3,7,4,2,4,14,9,5,12,12,11,20,18,7,18,11,18,13,18,12,19,18,8,21,19,18,19,15,20,18,18,16,8,13,10,9,7,5,9,6,3,1,4,1,2,,1,,,,,,,,,,,,,622,
13118,7,1,,,,,,,,,,,,,1,1,2,,,1,1,,1,2,1,2,,2,,1,3,2,2,1,2,1,2,1,,,2,1,1,1,3,6,7,6,5,6,5,2,4,6,8,5,5,5,7,7,6,9,15,12,10,10,12,5,8,5,15,11,8,16,20,12,24,20,22,29,29,32,24,21,25,11,26,22,19,24,24,16,12,11,10,11,5,8,5,2,2,2,,,,,,,,,,,,,739,
13119,44,,3,2,,,1,1,,,,2,1,,2,1,3,1,2,3,4,2,7,8,4,4,4,5,4,9,2,4,6,1,7,3,10,7,7,8,7,5,8,9,12,11,11,14,15,29,14,21,29,21,29,28,29,29,34,26,32,28,37,25,35,36,30,31,43,51,27,41,36,41,38,44,54,45,42,48,63,57,49,51,61,41,39,35,40,41,38,37,33,23,27,19,12,13,7,6,1,2,,2,,,,,,,,,,,2014,
13120,16,,2,,,,1,,,,,,,1,,,,1,2,,,1,1,,,,,1,,1,3,,1,1,1,3,3,2,2,6,1,2,4,4,3,5,4,2,6,6,8,6,8,6,6,11,13,5,6,12,11,8,13,15,15,17,19,22,23,15,14,22,23,23,19,18,30,26,34,36,45,43,45,51,42,41,45,45,52,46,45,51,42,34,32,22,25,25,13,6,6,6,5,3,3,2,,,,,,,,,1345,
13121,9,,,,,,,,,,,,,,1,1,1,1,1,,,,3,2,1,1,1,1,,1,3,,,1,1,1,1,1,,3,3,4,1,2,6,6,3,5,7,12,6,4,2,9,5,9,9,4,9,8,16,12,17,11,17,11,10,9,17,11,12,13,18,25,27,23,22,36,22,26,20,35,32,36,35,30,31,22,24,18,11,17,14,6,17,7,4,2,3,4,1,2,1,,,1,,,,,,,,,877,
13122,26,2,1,1,,2,,,,1,,1,,,,1,,1,2,4,3,,,4,4,2,2,5,3,4,5,3,4,4,6,3,5,7,7,4,6,3,6,9,7,13,8,8,8,8,8,9,8,16,13,13,12,16,11,18,13,20,23,21,20,14,19,23,14,32,27,28,19,23,21,22,22,26,32,25,28,27,39,17,27,27,24,18,19,12,17,13,22,5,15,6,7,5,5,2,5,,,,,,,,1,,,,,,1102,
13123,15,2,,,1,1,,1,,1,,,,1,,,1,,,1,1,,,2,1,1,,,3,4,,1,1,,,,2,,1,3,1,1,2,3,2,1,5,2,,4,5,2,5,8,3,7,4,6,12,4,7,8,10,7,10,17,13,10,22,14,13,10,13,13,19,21,15,19,23,22,32,27,29,47,32,46,40,41,58,39,48,41,36,38,29,24,16,18,17,15,8,6,7,3,2,1,1,,,,1,,,,1109,
13124,23,,,1,,,,,,,1,,1,1,1,,2,2,2,1,4,,3,4,3,3,6,2,6,3,2,5,1,5,4,3,2,7,5,4,6,5,5,3,5,5,4,12,6,14,13,4,10,8,15,15,10,13,12,16,14,19,10,15,11,16,5,22,23,15,22,14,21,20,19,21,31,20,21,26,27,28,17,16,25,18,17,13,15,11,9,11,14,10,2,4,5,2,1,1,1,,1,,1,1,,,,,,,,,903,
13125,23,1,2,,,1,,,1,,2,,1,,2,,2,2,3,4,4,1,5,2,1,1,3,1,2,2,1,1,1,,1,,2,3,7,5,2,6,3,4,7,2,3,6,7,7,6,8,6,1,3,9,9,5,6,6,5,6,10,7,16,11,10,7,11,10,7,8,11,12,6,9,7,12,9,11,20,11,3,10,10,9,5,8,4,7,7,1,4,5,1,2,2,1,1,,,,,,,,,,,,,,,,489,
13126,13,1,1,1,,,,,1,,2,1,,,,,,,1,,,1,,,2,4,,2,2,3,1,4,,2,2,,2,1,3,3,2,2,3,1,3,1,2,8,4,7,6,4,9,5,4,9,5,7,11,9,9,9,16,7,14,15,14,22,18,16,17,6,16,15,25,25,25,20,29,27,27,25,32,27,20,24,28,22,20,13,14,20,10,10,9,13,10,9,3,3,1,3,1,1,1,,,1,,,,,,,847,
13127,25,3,,,1,1,,,,,,,,2,2,,,,1,,1,,1,3,,,2,2,2,4,4,,3,1,2,4,2,2,1,3,3,4,1,7,4,4,7,7,10,9,10,7,6,8,11,13,6,7,10,17,15,12,13,18,18,23,24,28,25,25,22,27,26,22,17,21,29,29,25,36,31,25,32,24,26,27,31,35,33,25,25,26,18,16,8,6,7,9,5,4,2,1,,,1,,,,,,,,,,1095,
13128,14,1,2,1,,,,,,,1,,,,,2,2,2,5,2,2,2,3,1,3,1,1,1,,2,5,,4,3,5,1,4,2,2,3,4,6,6,3,4,2,8,3,5,14,7,5,14,3,11,7,10,13,14,10,12,15,11,20,12,13,21,19,18,13,17,20,20,10,23,18,15,22,15,17,24,18,19,20,12,18,17,23,13,11,13,18,6,7,3,1,3,5,1,,,,,1,,,,,,,,,,,790,
13129,12,2,1,,,,,,,1,,,1,,1,2,2,2,,3,1,2,1,,2,,,4,,2,2,2,2,,2,,3,2,3,2,2,3,5,4,5,2,4,3,5,6,6,5,3,4,11,6,3,11,8,5,8,10,11,8,9,11,11,14,15,11,17,9,14,10,24,10,10,13,12,25,23,25,19,22,14,26,19,19,19,17,13,9,9,9,9,10,5,4,4,3,1,2,1,,1,,,,,,,,,,693,
13130,12,,,,,2,,,,,,,,,,,,,,,,1,1,,1,,,1,1,3,,1,1,,,1,1,2,1,1,1,2,1,,3,1,2,2,1,7,5,4,4,3,6,8,4,3,8,10,7,10,10,14,12,7,13,11,14,7,15,14,16,13,22,21,25,19,19,28,28,29,35,30,32,32,33,28,17,30,27,20,14,30,11,20,8,5,8,3,,4,1,1,,,,,,,,,,,848,
13131,13,,,1,,,,1,,,,,,,,,,1,,,1,1,,2,2,4,1,,,2,2,,2,2,3,,1,1,1,1,2,2,2,2,3,4,6,4,3,5,6,3,5,9,8,1,7,6,9,6,7,11,13,17,7,14,15,12,10,19,17,14,10,9,14,15,14,16,18,16,22,24,18,20,14,14,13,13,13,17,7,6,8,6,3,1,3,2,1,3,1,,,,,,,,,,,,,,612,
13132,11,1,,1,,,,,1,,,,,,,,,,1,1,1,,,1,,,,,1,,,1,,1,,,,,2,2,1,,,2,1,2,2,1,2,2,2,1,1,3,3,7,3,4,2,3,4,5,4,7,4,4,4,7,2,7,17,6,8,5,10,9,13,7,13,12,14,21,16,13,17,18,17,14,21,11,27,11,12,6,8,9,5,12,6,4,2,,4,2,,,,,,,,,,,485,
13201,63,,3,2,1,1,,1,,,3,,,4,2,3,2,5,3,6,7,3,5,8,4,9,8,4,8,4,6,9,7,4,8,10,11,4,10,11,11,5,10,10,12,15,26,22,20,20,23,17,25,26,39,25,30,28,34,28,33,44,37,40,39,34,34,39,36,37,50,47,52,51,43,38,34,41,51,62,55,56,52,61,54,34,45,40,43,35,34,33,22,27,21,15,6,10,5,6,1,1,2,,,1,,,,,,,,,2166,
13202,4,1,,,,,,,,,,,,,,,,,,,,,,,1,,,,,,,,,,,,,,1,,,,,,,,1,1,2,,,2,,1,3,,2,1,1,,,2,,1,1,3,2,1,2,3,1,3,1,1,,3,2,2,1,4,3,2,3,4,5,6,4,2,5,3,4,1,3,,1,,3,1,1,1,,,,,,,,,,,,,,,106,
13203,,,,,,,,,,,,,,,,,,,,,,,,2,,,,,2,,,1,,,1,,2,,,,2,,,2,,1,,,,,1,1,,,,,1,,1,1,1,1,2,1,,3,,2,2,1,1,1,5,1,1,1,1,,4,4,2,2,2,5,2,3,1,2,6,7,2,1,1,,2,1,1,,1,,2,,,,,,,,,,,,,,93,
13301,12,3,2,1,,,,1,,,,,,2,,,,,3,1,1,,2,2,,1,5,,3,3,2,2,1,1,2,1,2,2,3,1,4,3,2,3,2,2,5,3,2,4,3,8,5,3,4,4,7,2,6,6,4,4,6,8,4,8,8,12,10,2,10,7,15,5,9,9,7,5,6,7,7,4,10,8,10,3,2,9,5,7,4,3,1,2,4,4,3,3,1,1,1,1,,,,,,,,,,,,,376,
13302,7,1,1,,,,1,,,,,,,1,,,1,,2,2,,1,1,1,,1,1,,4,,,,,1,,1,1,1,1,2,1,,3,2,1,2,4,3,3,2,1,3,1,4,1,8,7,1,,7,6,2,4,4,3,10,6,4,3,10,5,6,9,4,7,2,8,10,8,8,3,11,6,20,8,8,9,6,5,5,7,1,3,5,4,3,,1,,,,,,,,,,,,,,,,,310,
13303,4,,,,,,,,1,,1,,,,,,,,,1,,,,,,,,,,,,,,,1,,,1,,1,,,,,2,,1,,,,,,2,2,2,,1,1,,1,,1,,,1,1,,1,1,2,5,1,,1,1,1,1,,1,4,2,3,4,6,,2,4,,3,,1,,3,1,1,2,,,,,,,,,,1,,,,,,,,,77,
13401,47,1,1,3,,2,,,,,,1,,1,,1,4,1,2,1,,9,9,2,3,3,3,6,3,6,3,4,4,3,3,7,2,8,8,7,5,6,8,8,9,8,12,12,9,14,14,20,13,13,14,13,24,22,19,28,19,12,36,20,30,22,22,34,31,27,16,27,31,30,28,27,37,30,28,42,45,35,46,35,34,36,30,27,28,19,21,24,20,9,10,9,3,5,1,2,4,2,,1,,,,,,,,,,,1424,
13402,15,,1,2,,,,,,,,,,,,2,,2,1,2,3,1,2,2,2,1,1,3,1,1,1,,1,,1,2,2,2,1,1,,1,5,5,2,5,2,3,6,3,5,2,3,3,4,6,7,2,5,4,4,7,6,5,4,5,4,11,10,10,4,6,3,8,9,8,3,12,6,10,16,11,5,14,7,7,12,10,5,8,11,5,4,6,4,1,2,3,1,,3,,,,,,,,,,,,,,396,
13403,4,,,,,,,,,,,,,1,2,,,,,1,,1,1,,,1,,1,1,,,,,,,,,2,,,,3,2,2,1,3,2,1,,1,1,,1,1,1,1,,2,2,1,2,2,2,1,2,2,3,1,3,2,3,4,2,2,1,1,3,,2,4,8,3,4,,3,2,1,1,1,2,3,,1,,,,,1,,1,,,,,,,,,,,,,,,113,
13404,8,,,1,1,,,,,,,,,,,,,,1,1,,,1,,,,,,,,,2,,2,1,,,1,1,1,1,2,2,,,2,4,3,2,,2,2,3,1,1,1,1,3,2,3,3,5,5,6,5,10,4,2,4,3,5,7,5,3,8,9,4,7,6,3,6,3,6,11,5,3,5,6,5,12,8,6,3,4,4,1,1,3,1,1,,,1,,,,,,,,,,,,255,
13501,8,,1,,,,1,,,,,,1,,,,1,1,2,2,3,2,1,,,,,,1,,1,2,2,3,4,1,3,4,1,2,,6,2,2,2,1,5,8,4,7,5,5,8,4,8,7,14,6,8,9,7,7,9,6,10,8,14,12,15,13,15,14,9,12,18,16,12,18,15,19,17,25,24,20,16,17,15,11,11,13,16,13,10,10,7,6,4,2,1,2,,1,,,,,,1,,,,,,,649,
13502,,,,,,,,,,,,,,,,,,,,,,,,,,,,,,,,,,,,,,1,,,,,,,2,,,,1,,,,,,,1,1,,,,,1,,,,1,,,,,1,1,1,1,,,,,1,1,3,1,2,1,1,,2,,1,,,,1,,,,,1,1,,,,,,,,,,,,,,,,28,
13503,1,1,,,,,,,,,,,,1,,,,,1,1,,1,,1,,,,1,,,,,,,,1,1,1,1,,2,,1,,2,1,,,,1,2,2,3,1,3,1,1,,1,3,1,,2,1,6,,3,2,3,5,5,2,3,4,4,5,5,7,3,7,3,4,3,6,2,2,2,2,4,4,3,5,4,1,1,2,,1,1,,,,1,,,,,,,,,,,,155,
13504,1,1,,,,,,,,,,,,,,,,,,,,,1,,1,,,,,1,,,,,,,1,,,,,,1,,,1,,,,,1,1,1,,,1,,2,,1,1,1,,,1,1,,1,3,,2,,,1,1,1,1,2,1,2,2,2,3,4,2,1,1,2,2,2,2,3,2,,1,1,,1,,1,,,,,,,,,,,,,,,66,
13505,1,,,,,,,,,,,,,,,,,,,,,1,,,1,,,,,,,,,,,,,,,,,,,,,,,,,,,,1,,,,,,1,,1,2,,,1,1,2,,1,,,,2,1,,1,,1,3,,1,1,,5,1,,1,,,1,,2,2,,,1,,1,1,,,,,,,,,,,,,,,,38,
13601,9,,,,,,1,,,,,,,1,,,,,,1,,,,,,,,1,1,2,3,2,1,,,1,,1,1,1,,2,1,1,2,3,1,1,5,2,2,4,2,1,1,1,,4,8,5,4,5,5,5,7,5,6,3,6,4,4,5,5,9,3,8,8,10,9,12,8,13,11,12,13,8,2,6,5,13,10,3,2,3,3,4,1,,2,,1,2,1,,,,,,,,,,,,318,
13602,5,1,,,,,,,1,,,,,,,1,,,1,1,1,1,,,,,,,1,,,,,,,,,,,,2,,1,,1,,1,4,1,3,,,,2,1,,,4,3,2,4,3,7,5,1,,3,3,6,,6,3,6,9,8,8,3,1,1,8,8,4,3,6,3,4,4,4,2,2,2,4,4,,1,2,4,,3,,,2,,,,,,,,,,,,,185,
13603,3,1,,,,,,,,,,,,,,,,,1,,,3,,1,,,1,1,,1,1,,,,1,1,,1,1,,,,,3,,,2,,1,,1,,2,,1,3,2,3,,2,1,8,1,1,4,2,3,1,1,4,3,5,9,2,2,2,2,2,5,6,3,2,7,4,5,4,7,2,2,1,5,2,3,1,1,2,,,1,,,,1,1,,,,,,,,,,,155,
13604,6,,,,,,,,,1,,,,,,,,1,,1,,1,1,2,,,2,,,,,1,,,,1,,1,,2,,,1,2,,2,1,1,2,3,1,,3,2,1,2,5,1,2,4,1,5,5,1,4,2,3,5,5,3,6,7,6,3,6,7,4,5,12,6,3,4,8,2,7,4,1,4,3,3,3,1,2,1,,4,,4,,1,,,1,,1,,,,,,,,,,206,
13605,8,,1,,2,,,,1,,,,,,,,1,,,,2,1,2,,,,,1,,,1,,,1,,,,,5,,3,2,,3,2,,3,4,3,3,3,4,2,6,2,4,6,3,3,1,8,12,6,7,4,4,3,12,11,13,5,6,7,9,6,11,11,13,15,10,8,11,13,8,9,10,12,15,16,11,4,4,8,6,4,4,5,3,2,1,,1,,,1,,,,,,,,,,412,
14101,15,,,1,1,1,,,3,,2,1,1,,,,3,1,4,1,2,1,1,3,1,1,1,1,2,2,2,,1,,1,5,1,2,3,4,2,5,3,6,5,4,3,4,7,4,5,4,9,10,9,11,13,12,10,21,15,12,10,16,11,11,18,12,17,13,23,21,23,19,18,22,19,34,15,27,24,26,32,30,24,27,24,30,22,26,17,20,14,4,9,8,10,5,2,3,3,1,1,,,,,,,,,,,,933,
14102,1,,,,,,,,,,,,,,,,,,,,,,,,,,,,,,,,,,,,,,,1,,,1,1,,,,,,1,,,,,,1,,,,2,,,,,1,,,1,,1,,2,,,,1,1,1,2,,,2,2,,2,1,2,2,3,,1,,2,,1,1,,,,1,,,,,,,,,,,,,,,38,
14103,3,,,,,,,,2,,,,,,,,,,,,,,,,,,,,,,,,,,,1,,1,,1,,,,1,,,1,2,,,3,,,1,,2,,2,,1,,2,2,,,3,2,2,1,2,3,1,4,1,5,3,1,2,,5,3,2,2,1,2,2,5,3,4,4,1,1,3,3,2,,1,,1,,,,,,,,,,,,,,,,100,
14104,1,,,,,,,,,,,,,,,,,1,1,,,,1,1,,,,1,,,1,,,,,,,1,,,1,3,1,,3,,2,1,,1,1,,2,,,3,2,2,2,3,4,4,2,,1,,2,2,2,1,,1,2,1,4,3,3,2,6,1,3,2,4,7,5,5,5,4,3,5,4,2,1,,1,,1,1,1,,,,,,,1,,,,,,,,,131,
14105,1,,,,,,,,,,,,,,,,,1,,,,,,,,,,,,1,,,,,1,,,1,,,,,,,,,,,,2,,,1,,,2,,,1,,,,,2,1,,,1,1,,,,2,1,2,1,,2,,2,,1,2,2,2,1,1,2,,2,1,1,1,2,,,1,,1,1,,,,,,,,,,,,,,,47,
14106,8,1,,,,,,,,,,,,,,,,,,,,,2,,1,,,1,,,1,,1,,,,,,1,1,,,,,2,,2,,1,3,1,1,,3,2,2,,1,1,1,2,2,3,2,3,2,2,3,3,3,3,3,2,1,1,7,5,3,3,2,5,5,5,6,2,4,3,3,3,3,2,,2,2,3,1,,1,,1,,,,1,,,,1,,,,,,,145,
14107,3,,,,,,,,,,,,,,,,,,1,,,,1,1,,,,,,,,,,1,2,,1,,,1,2,,1,1,,1,3,3,2,,1,,1,,4,3,,1,2,3,,,1,2,2,,3,3,4,5,7,3,,2,5,4,3,2,6,3,3,6,2,,3,2,5,7,3,,8,,4,3,,1,,2,,1,,1,,,1,,,,,,,,,,146,
14108,5,1,,1,,,,,,,,,,,,1,,2,1,,1,1,1,1,,,2,,,1,,1,,,1,,1,1,1,1,,,4,1,2,2,2,3,3,1,1,,2,1,,3,6,,2,2,3,4,1,4,5,3,1,3,4,4,2,7,6,4,3,9,14,4,1,9,13,10,9,8,7,7,6,6,3,7,5,3,4,2,3,4,1,3,1,,1,,1,,,,,,,,,,,,254,
14201,6,,,,,,,,,,,,,,,1,1,,1,3,,1,1,3,,,,4,1,,1,3,,1,,2,,,2,,,1,1,3,2,2,,1,1,3,2,1,4,4,,3,3,2,2,2,2,4,5,3,6,3,5,6,9,9,9,6,5,4,5,8,6,8,11,11,7,2,9,11,3,7,7,6,10,5,2,4,6,5,4,6,1,1,,1,,,,,,,,,,,,,,,290,
14202,,,,,,,,,,,,,,,,,,,,1,,,,,,,,1,,1,,,,,,1,1,,,1,,,,,,1,,1,,,2,2,,,2,,2,,,1,2,1,,2,,,2,2,4,3,1,3,3,3,,1,4,1,,3,4,6,5,1,1,4,3,1,,1,,3,,3,1,1,,1,1,,,,,,,,,,,,,,,,88,
14203,2,,,,,,,,,,,,,,,1,,,1,1,,1,1,,,,,1,,,,,,,1,,1,,,,,,,,,,1,,,,,,2,,,,3,1,1,,1,2,1,3,1,2,,,2,2,3,2,1,,,3,1,1,2,1,1,2,3,5,2,1,2,1,1,1,2,2,1,,4,2,,,,,,,,,,,,,,,,,,,76,
14204,3,,,,,,,,,,,1,,,,,1,1,,1,,,,,1,,,,,2,,,,1,,1,1,,1,1,,,2,1,2,2,2,,1,3,2,1,,,2,3,2,3,2,,3,3,4,5,2,5,3,5,4,4,3,5,6,6,8,7,12,5,3,8,9,7,5,4,2,10,5,5,9,2,2,5,6,4,4,1,,1,1,,,1,,,,,,,,,,,,,227,
15101,30,3,1,,,,1,,1,,1,,1,1,1,,,2,1,1,8,5,4,8,3,2,7,2,1,5,,,7,4,1,4,4,3,9,4,4,5,4,5,7,11,7,6,10,5,6,14,9,11,10,16,15,10,13,15,10,15,11,14,25,27,17,18,13,25,19,21,21,21,30,29,29,26,33,28,29,35,24,37,38,23,29,25,19,21,20,13,15,7,8,8,2,2,2,5,,4,1,,,,,,,,,,,,1107,
15201,,,,,,,,,,,,,,,,,,,,,,,,,,,,,,,,,,,,,,,,,,,,,,,,,,,,,,,,,,,,,,,1,,,,,,,,,,,,,,,,,,,,,,,,,,,,,,,,,,,,,,,,,,,,,,,,,,,,1,
